012110OR-L,Pumpkin Hat,4.95,0,0,,2
012110OR-M,Pumpkin Hat,4.95,0,0,,0
012110OR-S,Pumpkin Hat,4.95,0,0,,0
012110OR-XS,Pumpkin Hat,4.95,0,0,,20
012120RD-L,Santa Hat,5.5,0,0,,8
012120RD-M,Santa Hat,5.5,0,0,,0
012120RD-S,Santa Hat,5.5,0,0,,49
012120RD-XS,Santa Hat,5.5,0,0,,53
012130BN-L,Reindeer Hat,5.95,0,0,,0
012130BN-M,Reindeer Hat,5.95,0,0,,57
012130BN-S,Reindeer Hat,5.95,0,0,,61
012130BN-XS,Reindeer Hat,5.95,0,0,,83
012140BN-L,School Girl Hat,5.95,0,0,,0
012140BN-M,School Girl Hat,5.95,0,0,,21
012140BN-S,School Girl Hat,5.95,0,0,,16
012140BN-XS,School Girl Hat,5.95,0,0,,46
012160WT-L,Sweet Heart Hat,3.25,0,0,,50
012160WT-M,Sweet Heart Hat,3.25,0,0,,90
012160WT-S,Sweet Heart Hat,3.25,0,0,,91
012160WT-XS,Sweet Heart Hat,3.25,0,0,,104
012170RD-L,Crab Hat,6.95,0,0,,54
012170RD-M,Crab Hat,6.95,0,0,,89
012170RD-S,Crab Hat,6.95,0,0,,60
012170RD-XS,Crab Hat,6.95,0,0,,72
012180GRY-L,Donkey Hat,6.95,0,0,,19
012180GRY-M,Donkey Hat,6.95,0,0,,55
012180GRY-S,Donkey Hat,6.95,0,0,,54
012180GRY-XS,Donkey Hat,6.95,0,0,,34
012210BN-L,Bear Hat Brown,4.95,0,0,,41
012210BN-M,Bear Hat Brown,4.95,0,0,,42
012210BN-S,Bear Hat Brown,4.95,0,0,,58
012210BN-XS,Bear Hat Brown,4.95,0,0,,48
012211PK-XS,Bear Hat Pink,4.95,0,0,,23
012220WT-L,Rooster Hat,4.95,0,0,,0
012220WT-M,Rooster Hat,4.95,0,0,,15
012220WT-S,Rooster Hat,4.95,0,0,,17
012220WT-XS,Rooster Hat,4.95,0,0,,9
012230GN-L,Elf Hat,5.5,0,0,,1
012230GN-M,Elf Hat,5.5,0,0,,0
012230GN-S,Elf Hat,5.5,0,0,,25
012230GN-XS,Elf Hat,5.5,0,0,,0
021220BN,Burger Bed Brown,27,0,0,,0
021230PK,Burger Bed Pink,27,0,0,,27
021240GN,Burger Bed Green,27,0,0,,27
021240PK,Slipper Bed Pink,33,0,0,,45
021241BL,Slipper Bed Blue,33,0,0,,50
021410PK-M,iCool Mat Oval PK,14.99,0,0,,0
021410PK-S,iCool Mat Oval PK,11.99,0,0,,0
021420BL-M,iCool Mat Rectangle BL,11.99,0,0,,12
021420BL-S,iCool Mat Rectangle BL,11.99,0,0,,0
021430BG,iCool Mat v.2 Beige,17.5,0,0,,2
021431PK,iCool Mat v.2 Pink,17.5,0,0,,87
021432BL,iCool Mat v.2 Blue,17.5,0,0,,100
021440BL,iCool Carrier Pad Blue,8.95,0,0,,287
021441PK,iCool Carrier Pad Pink,8.95,0,0,,294
021500NA,CozyCloud Memory Bed,27,0,0,,175
021510BG,CozyCloud Bed Cover Beige,12.5,0,0,,125
021511GN,CozyCloud Bed Cover Green,12.5,0,0,,51
021520GRY,CozyCloud Bed Cover Gray,12.5,0,0,,111
021610PK,Blanket Bed Pink,14,0,0,,62
021611BL,Blanket Bed Blue,14,0,0,,61
031210PK-L,DOGO Runner Pink,13.95,0,0,,10
031210PK-M,DOGO Runner Pink,13.95,0,0,,3
031210PK-S,DOGO Runner Pink,13.95,0,0,,3
031210PK-XL,DOGO Runner Pink,13.95,0,0,,22
031210PK-XS,DOGO Runner Pink,13.95,0,0,,21
031211BK-L,DOGO Runner Black,13.95,0,0,,0
031211BK-M,DOGO Runner Black,13.95,0,0,,0
031211BK-S,DOGO Runner Black,13.95,0,0,,3
031211BK-XL,DOGO Runner Black,13.95,0,0,,0
031211BK-XS,DOGO Runner Black,13.95,0,0,,0
031212RD-L,DOGO Runner Red,13.95,0,0,,0
031212RD-M,DOGO Runner Red,13.95,0,0,,0
031212RD-S,DOGO Runner Red,13.95,0,0,,5
031212RD-XL,DOGO Runner Red,13.95,0,0,,0
031212RD-XS,DOGO Runner Red,13.95,0,0,,6
031310PK-L,EasyPaw Bootie PK #5,8.5,0,0,,0
031310PK-M,EasyPaw Bootie PK #4,8.5,0,0,,4
031310PK-S,EasyPaw Bootie PK #3,8.5,0,0,,1
031310PK-XL,EasyPaw Bootie PK #6,8.5,0,0,,1
031310PK-XS,EasyPaw Bootie PK #2,8.5,0,0,,1
031310PK-XXL,EasyPaw Bootie PK #7,8.5,0,0,,1
031311BL-L,EasyPaw Bootie BL #5,8.5,0,0,,0
031311BL-M,EasyPaw Bootie BL #4,8.5,0,0,,0
031311BL-S,EasyPaw Bootie BL #3,8.5,0,0,,0
031311BL-XL,EasyPaw Bootie BL #6,8.5,0,0,,0
031311BL-XS,EasyPaw Bootie BL #2,8.5,0,0,,0
031311BL-XXL,EasyPaw Bootie BL #7,8.5,0,0,,0
031312BK-L,EasyPaw Bootie BK #5,8.5,0,0,,0
031312BK-M,EasyPaw Bootie BK #4,8.5,0,0,,0
031312BK-S,EasyPaw Bootie BK #3,8.5,0,0,,0
031312BK-XL,EasyPaw Bootie BK #6,8.5,0,0,,0
031312BK-XS,EasyPaw Bootie BK #2,8.5,0,0,,0
031312BK-XXL,EasyPaw Bootie BK #7,8.5,0,0,,0
031313RD-L,EasyPaw Bootie RD #5,8.5,0,0,,0
031313RD-M,EasyPaw Bootie RD #4,8.5,0,0,,0
031313RD-S,EasyPaw Bootie RD #3,8.5,0,0,,0
031313RD-XL,EasyPaw Bootie RD #6,8.5,0,0,,0
031313RD-XS,EasyPaw Bootie RD #2,8.5,0,0,,0
031313RD-XXL,EasyPaw Bootie RD #7,8.5,0,0,,0
031320PK-L,Slip On Paws Pink,0,0,0,,3
031320PK-M,Slip On Paws Pink,0,0,0,,3
031320PK-S,Slip On Paws Pink,0,0,0,,3
031320PK-XL,Slip On Paws Pink,0,0,0,,0
031320PK-XS,Slip On Paws Pink,0,0,0,,3
031320PK-XXL,Slip On Paws Pink,0,0,0,,3
031321BL-L,Slip On Paws Blue,0,0,0,,0
031321BL-M,Slip On Paws Blue,0,0,0,,1
031321BL-S,Slip On Paws Blue,0,0,0,,3
031321BL-XL,Slip On Paws Blue,0,0,0,,0
031321BL-XS,Slip On Paws Blue,0,0,0,,3
031321BL-XXL,Slip On Paws Blue,0,0,0,,3
031322BK-L,Slip On Paws Black,0,0,0,,3
031322BK-M,Slip On Paws Black,0,0,0,,3
031322BK-S,Slip On Paws Black,0,0,0,,3
031322BK-XL,Slip On Paws Black,0,0,0,,3
031322BK-XS,Slip On Paws Black,0,0,0,,3
031322BK-XXL,Slip On Paws Black,0,0,0,,3
031323RD-L,Slip On Paws Red,0,0,0,,1
031323RD-M,Slip On Paws Red,0,0,0,,3
031323RD-S,Slip On Paws Red,0,0,0,,3
031323RD-XL,Slip On Paws Red,0,0,0,,3
031323RD-XS,Slip On Paws Red,0,0,0,,3
031323RD-XXL,Slip On Paws Red,0,0,0,,3
04020RD,Active Dog Leash Red,2.99,0,0,,197
04021BK,Active Dog Leash Black,2.99,0,0,,2
04022PK,Active Dog Leash Pink,2.99,0,0,,6
04024RD,Active Dog Leash Red Denim,2.99,0,0,,57
04030PH,ActiveGO Polka Dot Leash PH,4.25,0,0,,2
04031BL,ActiveGO Polka Dot Leash BL,4.25,0,0,,28
04032PK,ActiveGO Bone Leash PK,3.25,0,0,,20
04033GN,ActiveGO Bone Leash GN,3.25,0,0,,59
04034BK,ActiveGO Bone Leash BK,3.25,0,0,,-1
04035RD,ActiveGO Bone Leash RD,3.25,0,0,,20
04036BL,ActiveGO Bone Leash BL,3.25,0,0,,123
04050RD,Crossback Sailor Leash Red,4,0,0,,30
04051BL,Crossback Sailor Leash Blue,4,0,0,,12
04060GN,SuperGO Leash GN,3,0,0,,119
041020BK-L,Rhinestone Leather Collar BKv2,2.25,0,0,,196
041020BK-M,Rhinestone Leather Collar BKv2,2.25,0,0,,279
041020BK-S,Rhinestone Leather Collar BKv2,2.25,0,0,,181
041021PK-L,Rhinestone Leather Collar PKv2,2.25,0,0,,190
041021PK-M,Rhinestone Leather Collar PKv2,2.25,0,0,,245
041021PK-S,Rhinestone Leather Collar PKv2,2.25,0,0,,287
041022RD-L,Rhinestone Leather Collar RDv2,2.25,0,0,,198
041022RD-M,Rhinestone Leather Collar RDv2,2.25,0,0,,269
041022RD-S,Rhinestone Leather Collar RDv2,2.25,0,0,,227
041023BL-L,Rhinestone Leather Collar BLv2,2.25,0,0,,208
041023BL-M,Rhinestone Leather Collar BLv2,2.25,0,0,,242
041023BL-S,Rhinestone Leather Collar BLv2,2.25,0,0,,151
041030BK-L,RS Leather Bling Collar Black,3.25,0,0,,164
041030BK-M,RS Leather Bling Collar Black,3.25,0,0,,128
041030BK-S,RS Leather Bling Collar Black,3.25,0,0,,70
041031PK-L,RS Leather Bling Collar Pink,3.25,0,0,,210
041031PK-M,RS Leather Bling Collar Pink,3.25,0,0,,135
041031PK-S,RS Leather Bling Collar Pink,3.25,0,0,,7
041032RD-L,RS Leather Bling Collar Red,3.25,0,0,,114
041032RD-M,RS Leather Bling Collar Red,3.25,0,0,,120
041032RD-S,RS Leather Bling Collar Red,3.25,0,0,,45
041033BL-L,RS Leather Bling Collar Blue,3.25,0,0,,136
041033BL-M,RS Leather Bling Collar Blue,3.25,0,0,,117
041033BL-S,RS Leather Bling Collar Blue,3.25,0,0,,-6
042010GR-L,Rhinestone Personality Green,8,0,0,,28
042010GR-M,Rhinestone Personality Green,8,0,0,,8
042010GR-S,Rhinestone Personality Green,8,0,0,,-4
042010GR-XL,Rhinestone Personality Green,8,0,0,,29
042010GR-XS,Rhinestone Personality Green,8,0,0,,18
042011PK-L,Rhinestone Personality Pink,8,0,0,,54
042011PK-M,Rhinestone Personality Pink,8,0,0,,44
042011PK-S,Rhinestone Personality Pink,8,0,0,,89
042011PK-XL,Rhinestone Personality Pink,8,0,0,,25
042011PK-XS,Rhinestone Personality Pink,8,0,0,,67
042012BK-L,Rhinestone Personality Black,8,0,0,,42
042012BK-M,Rhinestone Personality Black,8,0,0,,40
042012BK-S,Rhinestone Personality Black,8,0,0,,30
042012BK-XL,Rhinestone Personality Black,8,0,0,,19
042012BK-XS,Rhinestone Personality Black,8,0,0,,41
042013BN-L,Rhinestone Personality Brown,8,0,0,,76
042013BN-M,Rhinestone Personality Brown,8,0,0,,55
042013BN-S,Rhinestone Personality Brown,8,0,0,,38
042013BN-XL,Rhinestone Personality Brown,8,0,0,,30
042013BN-XS,Rhinestone Personality Brown,8,0,0,,42
042014RD-L,Rhinestone Personality Red,8,0,0,,51
042014RD-M,Rhinestone Personality Red,8,0,0,,35
042014RD-S,Rhinestone Personality Red,8,0,0,,43
042014RD-XL,Rhinestone Personality Red,8,0,0,,17
042014RD-XS,Rhinestone Personality Red,8,0,0,,29
042210PK-L,Flower Collar PK,6.75,0,0,,16
042210PK-M,Flower Collar PK,6.75,0,0,,14
042210PK-S,Flower Collar PK,6.75,0,0,,1
042210PK-XL,Flower Collar PK,6.75,0,0,,0
042210PK-XS,Flower Collar PK,6.75,0,0,,24
042211BN-L,Flower Collar BN,6.75,0,0,,72
042211BN-M,Flower Collar BN,6.75,0,0,,41
042211BN-S,Flower Collar BN,6.75,0,0,,73
042211BN-XL,Flower Collar BN,6.75,0,0,,0
042211BN-XS,Flower Collar BN,6.75,0,0,,116
042310PK-L,Doggie Bling Collar PK,7.6,0,0,,68
042310PK-M,Doggie Bling Collar PK,7.6,0,0,,52
042310PK-S,Doggie Bling Collar PK,7.6,0,0,,63
042310PK-XL,Doggie Bling Collar PK,7.6,0,0,,27
042310PK-XS,Doggie Bling Collar PK,7.6,0,0,,65
042311BK-L,Doggie Bling Collar BK,7.6,0,0,,76
042311BK-M,Doggie Bling Collar BK,7.6,0,0,,50
042311BK-S,Doggie Bling Collar BK,7.6,0,0,,66
042311BK-XL,Doggie Bling Collar BK,7.6,0,0,,30
042311BK-XS,Doggie Bling Collar BK,7.6,0,0,,57
042410SL-L,Celebrity Collar Silver,10,0,0,,47
042410SL-M,Celebrity Collar Silver,9,0,0,,82
042410SL-S,Celebrity Collar Silver,8,0,0,,98
042410SL-XS,Celebrity Collar Silver,7,0,0,,52
042411GD-L,Celebrity Collar Gold,10,0,0,,30
042411GD-M,Celebrity Collar Gold,9,0,0,,78
042411GD-S,Celebrity Collar Gold,8,0,0,,38
042411GD-XS,Celebrity Collar Gold,7,0,0,,13
042412PK-L,Celebrity Collar Pink,10,0,0,,43
042412PK-M,Celebrity Collar Pink,9,0,0,,115
042412PK-S,Celebrity Collar Pink,8,0,0,,206
042412PK-XS,Celebrity Collar Pink,7,0,0,,174
042413BK-L,Celebrity Collar Black,10,0,0,,47
042413BK-M,Celebrity Collar Black,9,0,0,,70
042413BK-S,Celebrity Collar Black,8,0,0,,85
042413BK-XS,Celebrity Collar Black,7,0,0,,82
042414RD-L,Celebrity Collar Red,10,0,0,,63
042414RD-M,Celebrity Collar Red,9,0,0,,49
042414RD-S,Celebrity Collar Red,8,0,0,,63
042414RD-XS,Celebrity Collar Red,7,0,0,,57
042415BL-L,Celebrity Collar Blue,10,0,0,,60
042415BL-M,Celebrity Collar Blue,9,0,0,,60
042415BL-S,Celebrity Collar Blue,8,0,0,,30
042415BL-XS,Celebrity Collar Blue,7,0,0,,59
042510RD-L,Studs Collar Vintage Red,7.95,0,0,,66
042510RD-M,Studs Collar Vintage Red,7.95,0,0,,91
042510RD-S,Studs Collar Vintage Red,7.95,0,0,,92
042510RD-XL,Studs Collar Vintage Red,7.95,0,0,,64
042511BL-L,Studs Collar Navy Blue,7.95,0,0,,72
042511BL-M,Studs Collar Navy Blue,7.95,0,0,,94
042511BL-S,Studs Collar Navy Blue,7.95,0,0,,97
042511BL-XL,Studs Collar Navy Blue,7.95,0,0,,67
042610PK-L,Woven Collar Pink,4.95,0,0,,21
042610PK-M,Woven Collar Pink,4.95,0,0,,14
042610PK-S,Woven Collar Pink,4.95,0,0,,13
042610PK-XS,Woven Collar Pink,4.95,0,0,,24
042611BL-L,Woven Collar Blue,4.95,0,0,,19
042611BL-M,Woven Collar Blue,4.95,0,0,,30
042611BL-S,Woven Collar Blue,4.95,0,0,,26
042611BL-XS,Woven Collar Blue,4.95,0,0,,21
042612BK-L,Woven Collar Black,4.95,0,0,,15
042612BK-M,Woven Collar Black,4.95,0,0,,26
042612BK-S,Woven Collar Black,4.95,0,0,,30
042612BK-XS,Woven Collar Black,4.95,0,0,,20
043010GN-L,Bone Harness,4.95,0,0,,23
044010PK-M,DG Classic Collar PK,4.8,0,0,,0
044011BL-M,DG Classic Collar BL,4.8,0,0,,2
044011BL-S,DG Classic Collar BL,4.8,0,0,,0
044012BN-M,DG Classic Collar BN,4.8,0,0,,13
044012BN-S,DG Classic Collar BN,4.8,0,0,,25
044110PK-M,Polka Dot Doll Collar,5.2,0,0,,17
044210RD-L,Star Collar Red,5.1,0,0,,80
044210RD-M,Star Collar Red,5.1,0,0,,90
044210RD-S,Star Collar Red,5.1,0,0,,70
044210RD-XL,Star Collar Red,5.1,0,0,,102
044211BK-L,Star Collar Black,5.1,0,0,,84
044211BK-M,Star Collar Black,5.1,0,0,,81
044211BK-S,Star Collar Black,5.1,0,0,,63
044211BK-XL,Star Collar Black,5.1,0,0,,100
046010CR-L,Contempo Rainbow Collar,4.95,0,0,,376
046010CR-M,Contempo Rainbow Collar,4.95,0,0,,355
046010CR-S,Contempo Rainbow Collar,4.95,0,0,,360
046010CR-XS,Contempo Rainbow Collar,4.95,0,0,,378
046020BK-L,Contempo Checker Collar Black,4.95,0,0,,423
046020BK-M,Contempo Checker Collar Black,4.95,0,0,,408
046020BK-S,Contempo Checker Collar Black,4.95,0,0,,406
046020BK-XS,Contempo Checker Collar Black,4.95,0,0,,425
046021BN-L,Contempo Checker Collar Brown,4.95,0,0,,434
046021BN-M,Contempo Checker Collar Brown,4.95,0,0,,427
046021BN-S,Contempo Checker Collar Brown,4.95,0,0,,421
046021BN-XS,Contempo Checker Collar Brown,4.95,0,0,,433
046030PK-L,Contempo Argyle Collar Pink,4.95,0,0,,405
046030PK-M,Contempo Argyle Collar Pink,4.95,0,0,,396
046030PK-S,Contempo Argyle Collar Pink,4.95,0,0,,395
046030PK-XS,Contempo Argyle Collar Pink,4.95,0,0,,420
046031BL-L,Contempo Argyle Collar Blue,4.95,0,0,,421
046031BL-M,Contempo Argyle Collar Blue,4.95,0,0,,409
046031BL-S,Contempo Argyle Collar Blue,4.95,0,0,,409
046031BL-XS,Contempo Argyle Collar Blue,4.95,0,0,,431
5000,Rhinestone Letter Thin A,3.5,0,0,,10
5100,Rhinestone Alphabet A,4,0,0,,104
051020WH,Rhinestone Hearts & Stars,7.5,0,0,,0
0512010WT,Rhinestone Hearts,4,0,0,,36
0512011PK,Rhinestone Heart Pink,4,0,0,,95
0512012BL,Rhinestone Heart Blue,4,0,0,,76
0512020WT,Rhinestone Stars,4,0,0,,47
0512021PK,Rhinestone Star Pink,4,0,0,,82
0512022BL,Rhinestone Star Blue,4,0,0,,131
0512030WT,Rhinestone Paw,4.5,0,0,,25
0512031PK,Rhinestone Paw Pink,4.5,0,0,,26
0512032BL,Rhinestone Paw Blue,4.5,0,0,,26
0512040WT,Rhinestone Crown,4.5,0,0,,84
0512041PK,Rhinestone Crown Pink,4.5,0,0,,21
0512042BL,Rhinestone Crown Blue,4.5,0,0,,37
0513050WT,Rhinestone Hanging Bone,6.75,0,0,,61
0513051PK,Rhinestone Hanging Bone Pink,7,0,0,,47
0513052BL,Rhinestone Hanging Bone Blue,7,0,0,,62
0514101PK,Crown 2 Charm Pink,6,0,0,,25
0514102BL,Crown 2 Charm Blue,6,0,0,,28
0514110WT,Cross Charm Clear,5,0,0,,10
0514120WT,Heart Key Charm Clear,5,0,0,,30
0514121PK,Heart Key Charm Pink,5,0,0,,30
0514131PK,Love Heart Charm Pink,4.5,0,0,,13
0514132BL,Love Heart Charm Blue,4.5,0,0,,23
0515000WT,Elegant Heart WT,6.25,0,0,,10
0515001PK,Elegant Heart PK,6.25,0,0,,16
0515060WT,Butterfly Charm,5.5,0,0,,10
0515070WT,Anchor Charm,5.5,0,0,,16
0515080WT,Guitar Charm,5.5,0,0,,34
0515090WT,Teddy Bear Charm,5.5,0,0,,53
0515110WT,Flower,6.25,0,0,,1
0515120WT,Happy Face,6.25,0,0,,11
0515130WT,Whistle,6.25,0,0,,21
0515140WT,Peace,5.5,0,0,,3
0515150GN,Christmas Tree,5.5,0,0,,17
0515160RD,Candy Cane,5.5,0,0,,19
0515170PK,Girl Symbol,6.25,0,0,,34
0515180BL,Boy Symbol,6.25,0,0,,37
0516070WT,Anchor harm,4.5,0,0,,-2
0516080WT,Guitar Charm,4.5,0,0,,-1
0516090WT,Snow Flower,0,0,0,,30
0516100WT,DG Charm-Bone,5.5,0,0,,-6
0516110WT,DG Charm-Doggie,6.25,0,0,,26
0516120WT,DG Charm-Skull,5.5,0,0,,18
0516130WT,DG Charm-Heart,6.25,0,0,,34
0516131WT,DG Charm-Big Heart,0,0,0,,10
0516140WT,DG Charm-Crown,6.25,0,0,,31
052010GR-L,RS Personality Leash Green,11,0,0,,95
052010GR-S,RS Personality Leash Green,11,0,0,,68
052011PK-L,RS Personality Leash Pink,11,0,0,,116
052011PK-S,RS Personality Leash Pink,11,0,0,,54
052012BK-L,RS Personality Leash Black,11,0,0,,86
052012BK-S,RS Personality Leash Black,11,0,0,,59
052013BN-L,Personality Leash Brown,11,0,0,,70
052013BN-S,Personality Leash Brown,11,0,0,,143
052014RD-S,Personality Leash Red,11,0,0,,54
052210PK,Flower Leash Pink,7.45,0,0,,11
052211BN,Flower Leash Brown,7.45,0,0,,96
052310PK,Doggie Bling Leash PK,7.6,0,0,,53
052311BK,Doggie Bling Leash BK,7.6,0,0,,60
054010PK,DG Classic Leash Pink,4.8,0,0,,127
054011BL,DG Classic Leash Blue,4.8,0,0,,119
054012BN,DG Classic Leash Beige,4.8,0,0,,124
054110PK,Polka Dot Doll Leash,5.95,0,0,,293
054210RD,Star Leash Red,6.8,0,0,,68
054211BK,Star Leash Black,6.8,0,0,,34
056010CR,Contempo Rainbow Leash,4.95,0,0,,319
056020BK,Contempo Checker Black Leash,4.95,0,0,,381
056021BN,Contempo Checker Brown Leash,4.95,0,0,,419
056030PK,Contempo Argyle Pink Leash,4.95,0,0,,368
056031BL,Contempo Argyle Blue Leash,4.95,0,0,,397
058312BL,EasyCLICK Leash Stripes,4,0,0,,162
058320RD,EasyCLICK Leash Fun Stripes,4,0,0,,168
058330PK,EasyCLICK Leash Polka Dots,4,0,0,,154
061110SL-L,Link Necklace,6,0,0,,239
061110SL-S,Link Necklace,6,0,0,,237
062110RD-S,EasyBOW-Nautical 1,6.5,0,0,,51
062111BL-S,EasyBOW-Nautical 2,6.5,0,0,,37
062112RD-S,EasyBOW-Nautical 3,6.5,0,0,,28
062120PK-S,EasyBOW-Cutie 1,6.5,0,0,,49
062121PR-S,EasyBOW-Cutie 2,6.5,0,0,,63
062122PK-S,EasyBOW-Cutie 3,6.5,0,0,,60
062123PK-L,EasyBOW-Cutie 4,6.5,0,0,,46
062124PK-L,EasyBOW-Cutie 5,6.95,0,0,,33
062124PK-S,EasyBOW-Cutie 5,6.5,0,0,,32
062130BK-S,EasyBOW-Gentleman 1,6.5,0,0,,35
062131WT-S,EasyBOW-Gentleman 2,6.5,0,0,,56
062132BN-L,EasyBOW-Gentleman 3,6.5,0,0,,20
062132BN-S,EasyBOW-Gentleman 3,6.5,0,0,,24
062140BN-S,EasyBOW-Plaid 1 Brown,6.5,0,0,,35
062141PK-S,EasyBOW-Plaid 1 Pink,6.5,0,0,,40
062150PR-L,EasyBOW-Sequins 1 Purple,6.5,0,0,,16
062150PR-S,EasyBOW-Sequins 1 Purple,6.5,0,0,,32
062151SL-L,EasyBOW-Sequins 1 Silver,6.5,0,0,,14
062151SL-S,EasyBOW-Sequins 1 Silver,6.5,0,0,,28
062160PK-L,EasyBOW-Flower 1 Pink,6.5,0,0,,41
062160PK-S,EasyBOW-Flower 1 Pink,6.5,0,0,,34
062161YW-L,EasyBOW-Flower 1 Yellow,6.5,0,0,,46
062161YW-S,EasyBOW-Flower 1 Yellow,6.5,0,0,,37
062162BL-L,EasyBOW-Flower 1 Blue,6.5,0,0,,38
062162BL-S,EasyBOW-Flower 1 Blue,6.5,0,0,,25
062170PK-L,EasyBOW-Flower 2 Pink,6.5,0,0,,47
062171BN-L,EasyBOW-Flower 2 Beige,6.5,0,0,,49
071012BN,DOGO Sports Bag BN,24,0,0,,120
071013BK,DOGO Sports Bag BK,24,0,0,,87
071210BL,Nautical Stripe Tote,31,0,0,,206
071211BN,Big Brown Tote,31,0,0,,0
071212BK,Big Black Bag,31,0,0,,171
071220BG,Buckle Tote,32,0,0,,33
071310GN,DOGO Messenger Bag Green,28,0,0,,130
071311BK,DOGO Messenger Bag Black,28,0,0,,4
071312BN,DOGO Messenger Bag Brown,28,0,0,,31
071420BN,DOGO Soft Bag Dotty Brown,25,0,0,,18
071510BK,Luxy Pleather Tote defect,17,0,0,,170
071511BK,Lux Pleather Tote,34,0,0,,125
071520BK,Lock Tote Black Canvas,38,0,0,,192
071530BG,Lock Tote Beige Pleather,38,0,0,,10
071620GRY,Pocket Messenger Bag,18.95,0,0,,42
08010PK-L,Easy Go Harness,6.99,0,0,,75
08010PK-M,Easy Go Harness,6.99,0,0,,39
08010PK-S,Easy Go Harness,6.99,0,0,,2
08010PK-XS,Easy Go Harness,6.99,0,0,,30
08011GRY-L,Easy Go Harness GRY,6.99,0,0,,27
08011GRY-M,Easy Go Harness GRY,6.99,0,0,,0
08011GRY-S,Easy Go Harness GRY,6.99,0,0,,0
08011GRY-XS,Easy Go Harness GRY,6.99,0,0,,7
08012RD-L,EasyGO Harness Red,9.99,0,0,,64
08012RD-M,EasyGO Harness Red,9.99,0,0,,97
08012RD-S,EasyGO Harness Red,9.99,0,0,,97
08012RD-XS,EasyGO Harness Red,9.99,0,0,,101
08013BK-L,EasyGO Harness Black,9.99,0,0,,80
08013BK-M,EasyGO Harness Black,9.99,0,0,,93
08013BK-S,EasyGO Harness Black,9.99,0,0,,91
08013BK-XS,EasyGO Harness Black,9.99,0,0,,125
08014PK-L,EasyGo Harness Pink,9.99,0,0,,68
08014PK-M,EasyGo Harness Pink,9.99,0,0,,70
08014PK-S,EasyGo Harness Pink,9.99,0,0,,80
08014PK-XS,EasyGo Harness Pink,9.99,0,0,,104
08015YW-L,EasyGo Harness Yellow,9.99,0,0,,12
08015YW-M,EasyGo Harness Yellow,8.99,0,0,,0
08015YW-S,EasyGo Harness Yellow,8.99,0,0,,0
08015YW-XS,EasyGo Harness Yellow,8.99,0,0,,0
08016BL-L,EasyGo Harness Blue,9.99,0,0,,75
08016BL-M,EasyGo Harness Blue,9.99,0,0,,90
08016BL-S,EasyGo Harness Blue,9.99,0,0,,15
08016BL-XS,EasyGo Harness Blue,9.99,0,0,,47
08017BL-L,EasyGo Harness Navy,9.99,0,0,,62
08017BL-M,EasyGo Harness Navy,9.99,0,0,,59
08017BL-S,EasyGo Harness Navy,9.99,0,0,,49
08017BL-XS,EasyGo Harness Navy,9.99,0,0,,56
08018OR-L,EasyGo Harness Orange,9.99,0,0,,45
08018OR-M,EasyGo Harness Orange,9.99,0,0,,66
08018OR-S,EasyGo Harness Orange,9.99,0,0,,48
08018OR-XS,EasyGo Harness Orange,9.99,0,0,,77
08019GN-L,EasyGo Harness Green,9.99,0,0,,39
08019GN-M,EasyGo Harness Green,9.99,0,0,,75
08019GN-S,EasyGo Harness Green,9.99,0,0,,76
08019GN-XS,EasyGo Harness Green,9.99,0,0,,76
08020DN-XS,Active Dog Harness Denim,8.49,0,0,,71
08021RD-L,Active Dog Harness Red Denim,8.49,0,0,,0
08021RD-M,Active Dog Harness Red Denim,8.49,0,0,,43
08021RD-S,Active Dog Harness Red Denim,8.49,0,0,,15
08021RD-XS,Active Dog Harness Red Denim,8.49,0,0,,-3
08022PK-L,Active Dog Harness Pink,8.49,0,0,,4
08022PK-M,Active Dog Harness Pink,8.49,0,0,,57
08022PK-S,Active Dog Harness Pink,8.49,0,0,,2
08022PK-XS,Active Dog Harness Pink,8.49,0,0,,45
08023BK-XS,Active Dog Harness Black,8.49,0,0,,24
08030GN-L,EasyGO Army Harness GN,9.95,0,0,,12
08030GN-M,EasyGO Army Harness GN,9.95,0,0,,0
08030GN-S,EasyGO Army Harness GN,9.95,0,0,,0
08030GN-XS,EasyGO Army Harness GN,9.95,0,0,,0
08031BK-L,EasyGO Army Harness BK,9.95,0,0,,42
08031BK-M,EasyGO Army Harness BK,9.95,0,0,,39
08031BK-S,EasyGO Army Harness BK,9.95,0,0,,30
08031BK-XS,EasyGO Army Harness BK,9.95,0,0,,37
08032RD-L,EasyGO Sailor Harness RD,11,0,0,,71
08032RD-M,EasyGO Sailor Harness RD,11,0,0,,73
08032RD-S,EasyGO Sailor Harness RD,11,0,0,,77
08032RD-XS,EasyGO Sailor Harness RD,11,0,0,,75
08033BL-L,EasyGO Sailor Harness BL,11,0,0,,46
08033BL-M,EasyGO Sailor Harness BL,11,0,0,,81
08033BL-S,EasyGO Sailor Harness BL,11,0,0,,79
08033BL-XS,EasyGO Sailor Harness BL,11,0,0,,50
08040PK-L,DG EasyGO Harness PK,11,0,0,,34
08040PK-M,DG EasyGO Harness PK,11,0,0,,5
08040PK-S,DG EasyGO Harness PK,11,0,0,,19
08040PK-XS,DG EasyGO Harness PK,11,0,0,,0
08041BL-L,DG EasyGO Harness BL,11,0,0,,45
08041BL-M,DG EasyGO Harness BL,11,0,0,,15
08041BL-S,DG EasyGO Harness BL,11,0,0,,7
08041BL-XS,DG EasyGO Harness BL,11,0,0,,3
08042BN-L,DG EasyGO Harness BN,11,0,0,,37
08042BN-M,DG EasyGO Harness BN,11,0,0,,22
08042BN-S,DG EasyGO Harness BN,11,0,0,,42
08042BN-XS,DG EasyGO Harness BN,11,0,0,,19
08043PK-L,EasyGO Stripes Pink,10.5,0,0,,64
08043PK-M,EasyGO Stripes Pink,10.5,0,0,,10
08043PK-S,EasyGO Stripes Pink,10.5,0,0,,0
08043PK-XS,EasyGO Stripes Pink,10.5,0,0,,0
08044BK-L,EasyGO Stripes Black,10.5,0,0,,41
08044BK-M,EasyGO Stripes Black,10.5,0,0,,22
08044BK-S,EasyGO Stripes Black,10.5,0,0,,4
08044BK-XS,EasyGO Stripes Black,10.5,0,0,,39
08045GN-L,EasyGO Stripes Green,10.5,0,0,,79
08045GN-M,EasyGO Stripes Green,10.5,0,0,,47
08045GN-S,EasyGO Stripes Green,10.5,0,0,,31
08045GN-XS,EasyGO Stripes Green,10.5,0,0,,17
08050OR-L,Easygo Sports Orange,8.99,0,0,,12
08050OR-M,Easygo Sports Orange,8.99,0,0,,30
08050OR-S,Easygo Sports Orange,8.99,0,0,,18
08050OR-XS,Easygo Sports Orange,8.99,0,0,,24
08051GN-L,Easygo Sports Green,8.99,0,0,,28
08051GN-M,Easygo Sports Green,8.99,0,0,,19
08051GN-S,Easygo Sports Green,8.99,0,0,,-2
08051GN-XS,Easygo Sports Green,8.99,0,0,,27
08052RD-L,Easygo Sports Red,8.99,0,0,,17
08052RD-M,Easygo Sports Red,8.99,0,0,,-3
08052RD-S,Easygo Sports Red,8.99,0,0,,4
08052RD-XS,Easygo Sports Red,8.99,0,0,,31
08053BL-L,Easygo Sports Blue,8.99,0,0,,46
08053BL-M,Easygo Sports Blue,8.99,0,0,,0
08053BL-S,Easygo Sports Blue,8.99,0,0,,21
08053BL-XS,Easygo Sports Blue,8.99,0,0,,39
08060BK-L,Easygo Winter Flash BK,10.8,0,0,,12
08060BK-M,Easygo Winter Flash BK,10.8,0,0,,0
08060BK-S,Easygo Winter Flash BK,10.8,0,0,,0
08060BK-XS,Easygo Winter Flash BK,10.8,0,0,,0
08061PK-L,Easygo Winter Flash PK,10.8,0,0,,32
08061PK-M,Easygo Winter Flash PK,10.8,0,0,,6
08061PK-S,Easygo Winter Flash PK,10.8,0,0,,-1
08061PK-XS,Easygo Winter Flash PK,10.8,0,0,,0
08062RD-L,Easygo Winter Flash RD,10.8,0,0,,12
08062RD-M,Easygo Winter Flash RD,10.8,0,0,,0
08062RD-S,Easygo Winter Flash RD,10.8,0,0,,0
08062RD-XS,Easygo Winter Flash RD,10.8,0,0,,11
08070GN-L,Easygo Winter Skull,11.5,0,0,,24
08070GN-M,Easygo Winter Skull,11.5,0,0,,34
08070GN-S,Easygo Winter Skull,11.5,0,0,,3
08070GN-XS,Easygo Winter Skull,11.5,0,0,,33
08071PK-L,Easygo Winter Skull PK,11.5,0,0,,1
08071PK-M,Easygo Winter Skull PK,11.5,0,0,,25
08071PK-S,Easygo Winter Skull PK,11.5,0,0,,0
08071PK-XS,Easygo Winter Skull PK,11.5,0,0,,0
08072BL-L,Easygo Winter Skull BL,11.5,0,0,,28
08072BL-M,Easygo Winter Skull BL,11.5,0,0,,35
08072BL-S,Easygo Winter Skull BL,11.5,0,0,,27
08072BL-XS,Easygo Winter Skull BL,11.5,0,0,,27
08080PK-L,DG Polka Dots EasyGO PK,7.99,0,0,,11
08080PK-M,DG Polka Dots EasyGO PK,7.99,0,0,,0
08080PK-S,DG Polka Dots EasyGO PK,7.99,0,0,,0
08080PK-XS,DG Polka Dots EasyGO PK,7.99,0,0,,0
08081BL-L,DG Polka Dots EasyGO BL,7.99,0,0,,39
08081BL-M,DG Polka Dots EasyGO BL,7.99,0,0,,248
08081BL-S,DG Polka Dots EasyGO BL,7.99,0,0,,0
08081BL-XS,DG Polka Dots EasyGO BL,7.99,0,0,,2
08082PK-L,EasyGO Dotty Pink,7.99,0,0,,58
08082PK-M,EasyGO Dotty Pink,7.99,0,0,,46
08082PK-S,EasyGO Dotty Pink,7.99,0,0,,-3
08082PK-XS,EasyGO Dotty Pink,7.99,0,0,,4
08083BN-L,EasyGO Dotty Brown,7.99,0,0,,54
08083BN-M,EasyGO Dotty Brown,7.99,0,0,,44
08083BN-S,EasyGO Dotty Brown,7.99,0,0,,15
08083BN-XS,EasyGO Dotty Brown,7.99,0,0,,11
08090WT-L,EasyGO Baseball Stripe,11.5,0,0,,22
08090WT-M,EasyGO Baseball Stripe,11.5,0,0,,0
08090WT-S,EasyGO Baseball Stripe,11.5,0,0,,0
08090WT-XS,EasyGO Baseball Stripe,11.5,0,0,,4
08091BL-L,EasyGO Baseball BL,11.5,0,0,,34
08091BL-M,EasyGO Baseball BL,11.5,0,0,,25
08091BL-S,EasyGO Baseball BL,11.5,0,0,,-1
08091BL-XS,EasyGO Baseball BL,11.5,0,0,,17
08092CR-L,EasyGO Rainbow,10.5,0,0,,65
08092CR-M,EasyGO Rainbow,10.5,0,0,,54
08092CR-S,EasyGO Rainbow,10.5,0,0,,47
08092CR-XS,EasyGO Rainbow,10.5,0,0,,41
08110PK-L,DG Classic Harness PK,5.8,0,0,,48
08110PK-M,DG Classic Harness PK,5.8,0,0,,112
08110PK-S,DG Classic Harness PK,5.8,0,0,,91
08111BL-L,DG Classic Harness BL,5.8,0,0,,48
08111BL-M,DG Classic Harness BL,5.8,0,0,,110
08111BL-S,DG Classic Harness BL,5.8,0,0,,90
08112BN-L,DG Classic Harness BN,5.8,0,0,,45
08112BN-M,DG Classic Harness BN,5.8,0,0,,122
08112BN-S,DG Classic Harness BN,5.8,0,0,,99
08210PH-L,ActiveGO Polka Dot PH,9.25,0,0,,28
08210PH-M,ActiveGO Polka Dot PH,9.25,0,0,,3
08210PH-S,ActiveGO Polka Dot PH,9.25,0,0,,-1
08210PH-XS,ActiveGO Polka Dot PH,9.25,0,0,,6
08211BL-L,ActiveGO Polka Dot BL,9.25,0,0,,32
08211BL-M,ActiveGO Polka Dot BL,9.25,0,0,,7
08211BL-S,ActiveGO Polka Dot BL,9.25,0,0,,11
08211BL-XS,ActiveGO Polka Dot BL,9.25,0,0,,31
08220PK-L,ActiveGO Bone Harness PK,8.5,0,0,,21
08220PK-M,ActiveGO Bone Harness PK,8.5,0,0,,5
08220PK-S,ActiveGO Bone Harness PK,8.5,0,0,,5
08220PK-XS,ActiveGO Bone Harness PK,8.5,0,0,,2
08221GN-L,ActiveGO Bone Harness GN,8.5,0,0,,35
08221GN-M,ActiveGO Bone Harness GN,8.5,0,0,,50
08221GN-S,ActiveGO Bone Harness GN,8.5,0,0,,47
08221GN-XS,ActiveGO Bone Harness GN,8.5,0,0,,43
08222BK-L,ActiveGO Bone Harness BK,8.5,0,0,,22
08222BK-M,ActiveGO Bone Harness BK,8.5,0,0,,22
08222BK-S,ActiveGO Bone Harness BK,8.5,0,0,,20
08222BK-XS,ActiveGO Bone Harness BK,8.5,0,0,,1
08223RD-L,ActiveGO Bone Harness RD,8.5,0,0,,12
08223RD-M,ActiveGO Bone Harness RD,8.5,0,0,,0
08223RD-S,ActiveGO Bone Harness RD,8.5,0,0,,0
08223RD-XS,ActiveGO Bone Harness RD,8.5,0,0,,5
08224BL-L,ActiveGO Bone Harness BL,8.5,0,0,,39
08224BL-M,ActiveGO Bone Harness BL,8.5,0,0,,41
08224BL-S,ActiveGO Bone Harness BL,8.5,0,0,,44
08224BL-XS,ActiveGO Bone Harness BL,8.5,0,0,,22
08312BL-L,EasyClick Harness Stripes,8.5,0,0,,86
08312BL-M,EasyClick Harness Stripes,8.5,0,0,,73
08312BL-S,EasyClick Harness Stripes,8.5,0,0,,77
08320RD-L,EasyClick Harness Fun Stripes,8.5,0,0,,15
08320RD-M,EasyClick Harness Fun Stripes,8.5,0,0,,13
08320RD-S,EasyClick Harness Fun Stripes,8.5,0,0,,14
08330PK-L,EasyClick Harness Polka Dots,8.5,0,0,,82
08330PK-M,EasyClick Harness Polka Dots,8.5,0,0,,73
08330PK-S,EasyClick Harness Polka Dots,8.5,0,0,,74
08410RD-L,Crossback Sailor Harness Red,6.95,0,0,,33
08410RD-M,Crossback Sailor Harness Red,6.95,0,0,,34
08410RD-S,Crossback Sailor Harness Red,6.95,0,0,,27
08411BL-L,Crossback Sailor Harness Blue,6.95,0,0,,16
08411BL-M,Crossback Sailor Harness Blue,6.95,0,0,,19
08411BL-S,Crossback Sailor Harness Blue,6.95,0,0,,20
08510PK-L,SuperGO Basic Pink,7.99,0,0,,26
08510PK-M,SuperGO Basic Pink,7.99,0,0,,35
08510PK-S,SuperGO Basic Pink,7.99,0,0,,43
08510PK-XS,SuperGO Basic Pink,7.99,0,0,,21
08511BK-L,SuperGO Basic Black,7.99,0,0,,20
08511BK-M,SuperGO Basic Black,7.99,0,0,,20
08511BK-S,SuperGO Basic Black,7.99,0,0,,9
08511BK-XS,SuperGO Basic Black,7.99,0,0,,18
08520PK-L,SuperGO Stripes Pink,5.95,0,0,,18
08520PK-M,SuperGO Stripes Pink,5.95,0,0,,26
08520PK-S,SuperGO Stripes Pink,5.95,0,0,,15
08520PK-XS,SuperGO Stripes Pink,5.95,0,0,,8
08521BK-L,SuperGO Stripes Black,5.95,0,0,,10
08521BK-M,SuperGO Stripes Black,5.95,0,0,,28
08521BK-S,SuperGO Stripes Black,5.95,0,0,,35
08521BK-XS,SuperGO Stripes Black,5.95,0,0,,20
08522GN-L,SuperGO Stripes Green,5.95,0,0,,5
08522GN-M,SuperGO Stripes Green,5.95,0,0,,23
08522GN-S,SuperGO Stripes Green,5.95,0,0,,30
08522GN-XS,SuperGO Stripes Green,5.95,0,0,,23
08610BK-L,EasyGo Harness Zebra,10.5,0,0,,18
08610BK-M,EasyGo Harness Zebra,10.5,0,0,,-5
08610BK-S,EasyGo Harness Zebra,10.5,0,0,,0
08610BK-XS,EasyGo Harness Zebra,10.5,0,0,,0
08620BN-L,EasyGo Harness Leopard,12,0,0,,57
08620BN-M,EasyGo Harness Leopard,12,0,0,,83
08620BN-S,EasyGo Harness Leopard,12,0,0,,120
08620BN-XS,EasyGo Harness Leopard,12,0,0,,77
08621PK-L,EasyGo Harness Leopard PK,12,0,0,,95
08621PK-M,EasyGo Harness Leopard PK,12,0,0,,75
08621PK-S,EasyGo Harness Leopard PK,12,0,0,,80
08621PK-XS,EasyGo Harness Leopard PK,12,0,0,,66
08630BG-L,EasyGO Checkers BG,10.5,0,0,,23
08630BG-M,EasyGO Checkers BG,10.5,0,0,,-2
08630BG-S,EasyGO Checkers BG,10.5,0,0,,0
08630BG-XS,EasyGO Checkers BG,10.5,0,0,,0
08631BK-L,EasyGO Checkers BK,10.5,0,0,,25
08631BK-M,EasyGO Checkers BK,10.5,0,0,,10
08631BK-S,EasyGO Checkers BK,10.5,0,0,,0
08631BK-XS,EasyGO Checkers BK,10.5,0,0,,0
08640PK-L,EasyGo Sweetbow,12.5,0,0,,105
08640PK-M,EasyGo Sweetbow,12.5,0,0,,56
08640PK-S,EasyGo Sweetbow,12.5,0,0,,61
08640PK-XS,EasyGo Sweetbow,12.5,0,0,,70
08641YW-L,Easygo Sweet Flower,12,0,0,,43
08641YW-M,Easygo Sweet Flower,12,0,0,,96
08641YW-S,Easygo Sweet Flower,12,0,0,,65
08641YW-XS,Easygo Sweet Flower,12,0,0,,84
08650PK-L,EasyGo Reflex Pink,11,0,0,,49
08650PK-M,EasyGo Reflex Pink,11,0,0,,25
08650PK-S,EasyGo Reflex Pink,11,0,0,,63
08650PK-XS,EasyGo Reflex Pink,11,0,0,,76
08651BL-L,EasyGo Reflex Blue,11,0,0,,48
08651BL-M,EasyGo Reflex Blue,11,0,0,,38
08651BL-S,EasyGo Reflex Blue,11,0,0,,47
08651BL-XS,EasyGo Reflex Blue,11,0,0,,42
08652GN-L,EasyGo Reflex Green,11,0,0,,14
08652GN-M,EasyGo Reflex Green,11,0,0,,21
08652GN-S,EasyGo Reflex Green,11,0,0,,2
08652GN-XS,EasyGo Reflex Green,11,0,0,,30
08660PK-L,EasyGO Argyle Pink,11,0,0,,69
08660PK-M,EasyGO Argyle Pink,11,0,0,,75
08660PK-S,EasyGO Argyle Pink,11,0,0,,61
08660PK-XS,EasyGO Argyle Pink,11,0,0,,42
08661BL-L,EasyGO Argyle Blue,11,0,0,,51
08661BL-M,EasyGO Argyle Blue,11,0,0,,41
08661BL-S,EasyGO Argyle Blue,11,0,0,,23
08661BL-XS,EasyGO Argyle Blue,11,0,0,,49
08670BK-L,EasyGO Necktie Black,13.5,0,0,,71
08670BK-M,EasyGO Necktie Black,13.5,0,0,,51
08670BK-S,EasyGO Necktie Black,13.5,0,0,,78
08670BK-XS,EasyGO Necktie Black,13.5,0,0,,33
08680GN-L,EasyGO Frog,12.5,0,0,,61
08680GN-M,EasyGO Frog,12.5,0,0,,75
08680GN-S,EasyGO Frog,12.5,0,0,,62
08680GN-XS,EasyGO Frog,12.5,0,0,,57
08690BN-L,EasyGO Football,13,0,0,,46
08690BN-M,EasyGO Football,13,0,0,,60
08690BN-S,EasyGO Football,13,0,0,,72
08690BN-XS,EasyGO Football,13,0,0,,63
08710BK-L,EasyGO Bowtie,13.5,0,0,,19
08710BK-M,EasyGO Bowtie,13.5,0,0,,19
08710BK-S,EasyGO Bowtie,13.5,0,0,,24
08710BK-XS,EasyGO Bowtie,13.5,0,0,,6
08720BL-L,EasyGO Polo Blue,12.5,0,0,,9
08720BL-M,EasyGO Polo Blue,12.5,0,0,,11
08720BL-S,EasyGO Polo Blue,12.5,0,0,,12
08720BL-XS,EasyGO Polo Blue,12.5,0,0,,6
08721PK-L,EasyGO Polo Pink,12.5,0,0,,26
08721PK-M,EasyGO Polo Pink,12.5,0,0,,31
08721PK-S,EasyGO Polo Pink,12.5,0,0,,30
08721PK-XS,EasyGO Polo Pink,12.5,0,0,,19
08722BK-L,EasyGO Polo Black,12.5,0,0,,24
08722BK-M,EasyGO Polo Black,12.5,0,0,,30
08722BK-S,EasyGO Polo Black,12.5,0,0,,18
08722BK-XS,EasyGO Polo Black,12.5,0,0,,24
08730RD-L,EasyGO Sequins Red,12.5,0,0,,53
08730RD-M,EasyGO Sequins Red,12.5,0,0,,75
08730RD-S,EasyGO Sequins Red,12.5,0,0,,75
08730RD-XS,EasyGO Sequins Red,12.5,0,0,,75
08731BK-L,EasyGO Sequins Black,12.5,0,0,,52
08731BK-M,EasyGO Sequins Black,12.5,0,0,,74
08731BK-S,EasyGO Sequins Black,12.5,0,0,,68
08731BK-XS,EasyGO Sequins Black,12.5,0,0,,72
091010BK,Easy Go Water Bowl BK,12.5,0,0,,178
091012GN,Easy Go Water Bowl GN,6.25,0,0,,205
091013BG,Easy Go Water Bowl BG,6.25,0,0,,194
091020PK,EasyGO Water Bowl v.2 PK,4.75,0,0,,71
091021GRY,EasyGO Water Bowl v.2 GRY,4.75,0,0,,126
092020PK-L,Urban Stripe Scarf Pink,6,0,0,,33
092020PK-M,Urban Stripe Scarf Pink,6,0,0,,6
092020PK-S,Urban Stripe Scarf Pink,6,0,0,,3
092020PK-XS,Urban Stripe Scarf Pink,6,0,0,,8
092021BL-L,Urban Stripe Scarf Blue,6,0,0,,42
092021BL-M,Urban Stripe Scarf Blue,6,0,0,,18
092021BL-S,Urban Stripe Scarf Blue,6,0,0,,33
092021BL-XS,Urban Stripe Scarf Blue,6,0,0,,37
092022RD-L,Urban Stripe Scarf Red,6,0,0,,11
092022RD-M,Urban Stripe Scarf Red,6,0,0,,18
092022RD-S,Urban Stripe Scarf Red,6,0,0,,29
092022RD-XS,Urban Stripe Scarf Red,6,0,0,,63
092110BL-L,iCool Scarf Blue,4.5,0,0,,-16
092110BL-M,iCool Scarf Blue,4.5,0,0,,-1
092110BL-S,iCool Scarf Blue,4.5,0,0,,50
092110BL-XL,iCool Scarf Blue,4.5,0,0,,-13
092110BL-XXL,iCool Scarf Blue,4.5,0,0,,32
092111PK-L,iCool Scarf Pink,4.5,0,0,,-8
092111PK-M,iCool Scarf Pink,4.5,0,0,,-6
092111PK-S,iCool Scarf Pink,4.5,0,0,,20
092111PK-XL,iCool Scarf Pink,4.5,0,0,,9
092111PK-XXL,iCool Scarf Pink,4.5,0,0,,18
092112-YW-L,iCool Scarf Yellow,4.5,0,0,,10
092112-YW-M,iCool Scarf Yellow,4.5,0,0,,9
092112-YW-S,iCool Scarf Yellow,4.5,0,0,,16
092112-YW-XL,iCool Scarf Yellow,4.5,0,0,,6
092112YW-XXL,iCool Scarf Yellow,4.5,0,0,,46
093010PK,EasyCleanup Dispenser Pink,4.5,0,0,,57
093011BK,EasyCleanup Dispenser Black,4.5,0,0,,48
11110GRY-XS,Sports Polo Shirt GRY,7.5,0,0,,3
11111BL-XS,Sports Polo Shirt BL,7.5,0,0,,7
11210RD-L,K9 Polo Shirt,9.5,0,0,,39
11210RD-M,K9 Polo Shirt,9.5,0,0,,50
11210RD-S,K9 Polo Shirt,9.5,0,0,,50
11210RD-XL,K9 Polo Shirt,9.5,0,0,,18
11210RD-XS,K9 Polo Shirt,9.5,0,0,,36
11210RD-XXS,K9 Polo Shirt,9.5,0,0,,25
13310GN-L,Dog Go Green Tee,8.5,0,0,,0
13310GN-M,Dog Go Green Tee,8.5,0,0,,19
13310GN-S,Dog Go Green Tee,8.5,0,0,,24
13310GN-XL,Dog Go Green Tee,8.5,0,0,,1
13310GN-XS,Dog Go Green Tee,8.5,0,0,,26
13310GN-XXS,Dog Go Green Tee,8.5,0,0,,9
13311BL-L,Save the Earth Tee,4.95,0,0,,0
13311BL-M,Save the Earth Tee,8.5,0,0,,0
13311BL-S,Save the Earth Tee,8.5,0,0,,0
13311BL-XL,Save the Earth Tee,4.95,0,0,,0
13311BL-XS,Save the Earth Tee,8.5,0,0,,0
13311BL-XXS,Save the Earth Tee,8.5,0,0,,0
13312GN-L,Recycle Bones Here Tee,4.95,0,0,,11
13312GN-M,Recycle Bones Here Tee,4.95,0,0,,21
13312GN-S,Recycle Bones Here Tee,4.95,0,0,,23
13312GN-XL,Recycle Bones Here Tee,4.95,0,0,,7
13312GN-XS,Recycle Bones Here Tee,4.95,0,0,,10
13312GN-XXS,Recycle Bones Here Tee,4.95,0,0,,8
13313RD-L,Hybrid Tee,4.95,0,0,,15
13313RD-M,Hybrid Tee,4.95,0,0,,26
13313RD-S,Hybrid Tee,4.95,0,0,,35
13313RD-XL,Hybrid Tee,4.95,0,0,,4
13313RD-XS,Hybrid Tee,4.95,0,0,,25
13313RD-XXS,Hybrid Tee,4.95,0,0,,19
13410GN-L,Peace Tank,7.5,0,0,,11
13410GN-M,Peace Tank,7.5,0,0,,34
13410GN-S,Peace Tank,7.5,0,0,,40
13410GN-XL,Peace Tank,7.5,0,0,,8
13410GN-XS,Peace Tank,7.5,0,0,,32
13410GN-XXS,Peace Tank,7.5,0,0,,3
13420PK-L,Heart Tank,7.5,0,0,,0
13420PK-M,Heart Tank,7.5,0,0,,8
13420PK-S,Heart Tank,7.5,0,0,,8
13420PK-XL,Heart Tank,7.5,0,0,,11
13420PK-XS,Heart Tank,7.5,0,0,,14
13420PK-XXS,Heart Tank,7.5,0,0,,2
14120RD-L,Sailor Boy Tank Red,11,0,0,,23
14120RD-M,Sailor Boy Tank Red,11,0,0,,60
14120RD-S,Sailor Boy Tank Red,11,0,0,,61
14120RD-XL,Sailor Boy Tank Red,11,0,0,,24
14120RD-XS,Sailor Boy Tank Red,11,0,0,,47
14120RD-XXS,Sailor Boy Tank Red,11,0,0,,17
14121BL-L,Sailor Boy Tank Blue,11,0,0,,18
14121BL-M,Sailor Boy Tank Blue,11,0,0,,32
14121BL-S,Sailor Boy Tank Blue,11,0,0,,26
14121BL-XL,Sailor Boy Tank Blue,11,0,0,,20
14121BL-XS,Sailor Boy Tank Blue,11,0,0,,22
14121BL-XXS,Sailor Boy Tank Blue,11,0,0,,37
14125BL-L,Whale Tank,9.95,0,0,,30
14125BL-M,Whale Tank,9.95,0,0,,34
14125BL-S,Whale Tank,9.95,0,0,,53
14125BL-XL,Whale Tank,9.95,0,0,,30
14125BL-XS,Whale Tank,9.95,0,0,,33
14125BL-XXS,Whale Tank,9.95,0,0,,12
14220PK-L,Girl Skull Tank,9.5,0,0,,22
14220PK-M,Girl Skull Tank,9.5,0,0,,43
14220PK-S,Girl Skull Tank,9.5,0,0,,49
14220PK-XL,Girl Skull Tank,9.5,0,0,,19
14220PK-XS,Girl Skull Tank,9.5,0,0,,40
14220PK-XXS,Girl Skull Tank,9.5,0,0,,23
14330PK-L,Pearly Tank,7.95,0,0,,9
14330PK-M,Pearly Tank,7.95,0,0,,16
14330PK-S,Pearly Tank,7.95,0,0,,17
14330PK-XL,Pearly Tank,7.95,0,0,,7
14330PK-XS,Pearly Tank,7.95,0,0,,12
14330PK-XXS,Pearly Tank,7.95,0,0,,0
14521WT-L,Peace USA,9,0,0,,0
14521WT-M,Peace USA,9,0,0,,12
14521WT-S,Peace USA,9,0,0,,10
14521WT-XL,Peace USA,9,0,0,,10
14521WT-XS,Peace USA,9,0,0,,24
14521WT-XXS,Peace USA,9,0,0,,9
14530RD-L,Awesome Ends with Me,7.5,0,0,,22
14530RD-M,Awesome Ends with Me,7.5,0,0,,37
14530RD-S,Awesome Ends with Me,7.5,0,0,,52
14530RD-XL,Awesome Ends with Me,7.5,0,0,,21
14530RD-XS,Awesome Ends with Me,7.5,0,0,,59
14530RD-XXS,Awesome Ends with Me,7.5,0,0,,30
14610PK-L,Necktie Tank PK,8.5,0,0,,24
14610PK-M,Necktie Tank PK,8.5,0,0,,26
14610PK-S,Necktie Tank PK,8.5,0,0,,28
14610PK-XL,Necktie Tank PK,8.5,0,0,,24
14610PK-XS,Necktie Tank PK,8.5,0,0,,25
14610PK-XXS,Necktie Tank PK,8.5,0,0,,18
14611BL-L,Necktie Tank BL,8.5,0,0,,17
14611BL-M,Necktie Tank BL,8.5,0,0,,14
14611BL-S,Necktie Tank BL,8.5,0,0,,16
14611BL-XL,Necktie Tank BL,8.5,0,0,,25
14611BL-XS,Necktie Tank BL,8.5,0,0,,15
14611BL-XXS,Necktie Tank BL,8.5,0,0,,16
14612BK-L,Necktie Tank BK,8.5,0,0,,7
14612BK-M,Necktie Tank BK,8.5,0,0,,0
14612BK-S,Necktie Tank BK,8.5,0,0,,-1
14612BK-XL,Necktie Tank BK,8.5,0,0,,19
14612BK-XS,Necktie Tank BK,8.5,0,0,,3
14612BK-XXS,Necktie Tank BK,8.5,0,0,,29
14620PK-L,Necklace Tank,9,0,0,,0
14620PK-M,Necklace Tank,9,0,0,,0
14620PK-S,Necklace Tank,9,0,0,,10
14620PK-XL,Necklace Tank,9,0,0,,4
14620PK-XS,Necklace Tank,9,0,0,,0
14620PK-XXS,Necklace Tank,9,0,0,,2
14630GN-L,Backpack Tank,11,0,0,,50
14630GN-M,Backpack Tank,11,0,0,,59
14630GN-S,Backpack Tank,11,0,0,,67
14630GN-XL,Backpack Tank,11,0,0,,28
14630GN-XS,Backpack Tank,11,0,0,,46
14630GN-XXS,Backpack Tank,11,0,0,,27
14710BL-L,Shark Tank,8.5,0,0,,-2
14710BL-M,Shark Tank,8.5,0,0,,0
14710BL-S,Shark Tank,8.5,0,0,,0
14710BL-XL,Shark Tank,8.5,0,0,,-2
14710BL-XS,Shark Tank,8.5,0,0,,0
14710BL-XXS,Shark Tank,8.5,0,0,,0
14720GN-L,Froggy Tank,9.95,0,0,,42
14720GN-M,Froggy Tank,9.95,0,0,,60
14720GN-S,Froggy Tank,9.95,0,0,,58
14720GN-XL,Froggy Tank,9.95,0,0,,30
14720GN-XS,Froggy Tank,9.95,0,0,,47
14720GN-XXS,Froggy Tank,9.95,0,0,,22
14721OR-L,Crab Tank,9.95,0,0,,36
14721OR-M,Crab Tank,9.95,0,0,,52
14721OR-S,Crab Tank,9.95,0,0,,77
14721OR-XL,Crab Tank,9.95,0,0,,39
14721OR-XS,Crab Tank,9.95,0,0,,57
14721OR-XXS,Crab Tank,9.95,0,0,,29
14722BL-L,Dolphin Tank,9.95,0,0,,1
14722BL-M,Dolphin Tank,9.95,0,0,,11
14722BL-S,Dolphin Tank,9.95,0,0,,13
14722BL-XL,Dolphin Tank,9.95,0,0,,10
14722BL-XS,Dolphin Tank,9.95,0,0,,4
14722BL-XXS,Dolphin Tank,9.95,0,0,,4
15113BL-L,Aloha Shirt,9,0,0,,1
15113BL-M,Aloha Shirt,9,0,0,,30
15113BL-S,Aloha Shirt,9,0,0,,49
15113BL-XL,Aloha Shirt,9,0,0,,4
15113BL-XS,Aloha Shirt,9,0,0,,25
15113BL-XXL,Aloha Shirt,9,0,0,,11
15113BL-XXS,Aloha Shirt,9,0,0,,1
15114BL-L,Hawaii Fever Shirt Blue,8.75,0,0,,7
15114BL-M,Hawaii Fever Shirt Blue,8.75,0,0,,0
15114BL-S,Hawaii Fever Shirt Blue,8.75,0,0,,10
15114BL-XL,Hawaii Fever Shirt Blue,8.75,0,0,,0
15114BL-XS,Hawaii Fever Shirt Blue,8.75,0,0,,15
15114BL-XXL,Hawaii Fever Shirt Blue,8.75,0,0,,25
15114BL-XXS,Hawaii Fever Shirt Blue,8.75,0,0,,41
17010BL-L,Leopard Hoodie Tank,8.95,0,0,,0
17010BL-M,Leopard Hoodie Tank,8.95,0,0,,0
17010BL-S,Leopard Hoodie Tank,8.95,0,0,,0
17010BL-XL,Leopard Hoodie Tank,8.95,0,0,,0
17010BL-XS,Leopard Hoodie Tank,8.95,0,0,,0
17010BL-XXS,Leopard Hoodie Tank,8.95,0,0,,0
17020PR-L,Rainbow Hoodie Tank,9.95,0,0,,30
17020PR-M,Rainbow Hoodie Tank,9.95,0,0,,33
17020PR-S,Rainbow Hoodie Tank,9.95,0,0,,6
17020PR-XL,Rainbow Hoodie Tank,9.95,0,0,,22
17020PR-XS,Rainbow Hoodie Tank,9.95,0,0,,3
17020PR-XXL,Rainbow Hoodie Tank,9.95,0,0,,4
17020PR-XXS,Rainbow Hoodie Tank,9.95,0,0,,10
21120PK-L,Polka Dot Ruffle Dress,8.95,0,0,,20
21120PK-M,Polka Dot Ruffle Dress,8.95,0,0,,32
21120PK-S,Polka Dot Ruffle Dress,8.95,0,0,,3
21120PK-XL,Polka Dot Ruffle Dress,8.95,0,0,,17
21120PK-XS,Polka Dot Ruffle Dress,8.95,0,0,,-3
21120PK-XXS,Polka Dot Ruffle Dress,8.95,0,0,,9
21250PK-XL,Polka Dot Reversible Dress,8.5,0,0,,3
21250PK-XS,Polka Dot Reversible Dress,8.5,0,0,,8
21250PK-XXS,Polka Dot Reversible Dress,8.5,0,0,,2
21260PK-L,Flower Sun Dress,11,0,0,,16
21260PK-M,Flower Sun Dress,11,0,0,,38
21260PK-S,Flower Sun Dress,11,0,0,,66
21260PK-XL,Flower Sun Dress,11,0,0,,15
21260PK-XS,Flower Sun Dress,11,0,0,,42
21260PK-XXS,Flower Sun Dress,11,0,0,,20
21420PK-L,Sweet Bow Tiered Dress PK,8.5,0,0,,0
21420PK-M,Sweet Bow Tiered Dress PK,8.5,0,0,,1
21420PK-S,Sweet Bow Tiered Dress PK,8.5,0,0,,0
21420PK-XL,Sweet Bow Tiered Dress PK,8.5,0,0,,0
21420PK-XS,Sweet Bow Tiered Dress PK,8.5,0,0,,0
21420PK-XXS,Sweet Bow Tiered Dress PK,8.5,0,0,,0
21421OR-L,Sweet Bow Tiered Dress OR,8.5,0,0,,0
21421OR-M,Sweet Bow Tiered Dress OR,8.5,0,0,,3
21421OR-S,Sweet Bow Tiered Dress OR,8.5,0,0,,0
21421OR-XL,Sweet Bow Tiered Dress OR,8.5,0,0,,2
21421OR-XS,Sweet Bow Tiered Dress OR,8.5,0,0,,0
21421OR-XXS,Sweet Bow Tiered Dress OR,8.5,0,0,,0
21430PK-L,Sassy Leopard Dress,10,0,0,,7
21430PK-M,Sassy Leopard Dress,10,0,0,,5
21430PK-S,Sassy Leopard Dress,10,0,0,,9
21430PK-XL,Sassy Leopard Dress,10,0,0,,3
21430PK-XS,Sassy Leopard Dress,10,0,0,,23
21430PK-XXS,Sassy Leopard Dress,10,0,0,,15
21440PK-L,Spring Dress,9.5,0,0,,26
21440PK-M,Spring Dress,9.5,0,0,,31
21440PK-S,Spring Dress,9.5,0,0,,47
21440PK-XL,Spring Dress,9.5,0,0,,18
21440PK-XS,Spring Dress,9.5,0,0,,53
21440PK-XXS,Spring Dress,9.5,0,0,,16
21450PK-L,Dot N Ruffle Dress,11,0,0,,23
21450PK-M,Dot N Ruffle Dress,11,0,0,,17
21450PK-S,Dot N Ruffle Dress,11,0,0,,0
21450PK-XL,Dot N Ruffle Dress,11,0,0,,17
21450PK-XS,Dot N Ruffle Dress,11,0,0,,0
21450PK-XXS,Dot N Ruffle Dress,11,0,0,,11
21460RD-L,Hippie Country Plaid Dress,11,0,0,,49
21460RD-M,Hippie Country Plaid Dress,11,0,0,,57
21460RD-S,Hippie Country Plaid Dress,11,0,0,,50
21460RD-XL,Hippie Country Plaid Dress,11,0,0,,28
21460RD-XS,Hippie Country Plaid Dress,11,0,0,,41
21460RD-XXS,Hippie Country Plaid Dress,11,0,0,,26
21510PK-M,Little Dotty Dress,11,0,0,,1
21510PK-S,Little Dotty Dress,11,0,0,,3
21510PK-XL,Little Dotty Dress,11,0,0,,2
21510PK-XS,Little Dotty Dress,11,0,0,,0
21630PK-L,Butterfly Rhinestone Tee Dress,8.95,0,0,,24
21630PK-M,Butterfly Rhinestone Tee Dress,8.95,0,0,,-1
21630PK-S,Butterfly Rhinestone Tee Dress,8.95,0,0,,19
21630PK-XL,Butterfly Rhinestone Tee Dress,8.95,0,0,,4
21630PK-XS,Butterfly Rhinestone Tee Dress,8.95,0,0,,18
21710RD-XXS,Sailor Girl Dress,9.5,0,0,,1
21720PK-L,Lovely Dot Dress,9.5,0,0,,0
21720PK-M,Lovely Dot Dress,9.5,0,0,,0
21720PK-S,Lovely Dot Dress,9.5,0,0,,6
21720PK-XL,Lovely Dot Dress,9.5,0,0,,3
21720PK-XS,Lovely Dot Dress,9.5,0,0,,9
21720PK-XXS,Lovely Dot Dress,9.5,0,0,,3
21730RD-XL,Star Spangle Dress,3.99,0,0,,-5
21730RD-XXS,Star Spangle Dress,3.99,0,0,,4
21750PK-L,Shimmery Heart Dress,4.95,0,0,,43
21750PK-M,Shimmery Heart Dress,4.95,0,0,,60
21750PK-S,Shimmery Heart Dress,4.95,0,0,,60
21750PK-XL,Shimmery Heart Dress,4.95,0,0,,39
21750PK-XS,Shimmery Heart Dress,4.95,0,0,,60
21750PK-XXS,Shimmery Heart Dress,4.95,0,0,,21
21760PK-L,Bow Strap Cruise Dress,9,0,0,,36
21760PK-M,Bow Strap Cruise Dress,9,0,0,,49
21760PK-S,Bow Strap Cruise Dress,9,0,0,,51
21760PK-XL,Bow Strap Cruise Dress,9,0,0,,33
21760PK-XS,Bow Strap Cruise Dress,9,0,0,,63
21760PK-XXS,Bow Strap Cruise Dress,9,0,0,,28
21770RD-L,Nautical Stripe Dress,11,0,0,,6
21770RD-M,Nautical Stripe Dress,11,0,0,,25
21770RD-S,Nautical Stripe Dress,11,0,0,,29
21770RD-XL,Nautical Stripe Dress,11,0,0,,8
21770RD-XS,Nautical Stripe Dress,11,0,0,,35
21770RD-XXS,Nautical Stripe Dress,11,0,0,,0
21810PK-L,Camouflage Dress,4.95,0,0,,8
21810PK-M,Camouflage Dress,4.95,0,0,,2
21810PK-S,Camouflage Dress,4.95,0,0,,14
21810PK-XL,Camouflage Dress,4.95,0,0,,8
21810PK-XS,Camouflage Dress,4.95,0,0,,0
21820PK-M,Cutie Pie Flower Dress,8.75,0,0,,0
21820PK-XL,Cutie Pie Flower Dress,8.75,0,0,,1
21820PK-XS,Cutie Pie Flower Dress,8.75,0,0,,0
21821PK-L,Cutie Pie Heart Dress,8.75,0,0,,7
21821PK-XL,Cutie Pie Heart Dress,8.75,0,0,,8
21822PK-L,Cutie Pie Summer Stripe Dress,8.75,0,0,,2
21822PK-M,Cutie Pie Summer Stripe Dress,8.75,0,0,,16
21822PK-S,Cutie Pie Summer Stripe Dress,8.75,0,0,,19
21822PK-XL,Cutie Pie Summer Stripe Dress,8.75,0,0,,10
21822PK-XS,Cutie Pie Summer Stripe Dress,8.75,0,0,,8
21822PK-XXS,Cutie Pie Summer Stripe Dress,8.75,0,0,,0
21910PK-L,Bunny Dress,9.5,0,0,,7
21910PK-M,Bunny Dress,9.5,0,0,,32
21910PK-S,Bunny Dress,9.5,0,0,,23
21910PK-XL,Bunny Dress,9.5,0,0,,26
21910PK-XS,Bunny Dress,9.5,0,0,,13
21910PK-XXS,Bunny Dress,9.5,0,0,,24
24010PK-L,Leopard Girl Dress pink,14,0,0,,14
24010PK-M,Leopard Girl Dress pink,14,0,0,,34
24010PK-S,Leopard Girl Dress pink,14,0,0,,24
24010PK-XL,Leopard Girl Dress pink,14,0,0,,24
24010PK-XS,Leopard Girl Dress pink,14,0,0,,22
24510RD-L,Preppy Pooch Dress RD,8.95,0,0,,0
24510RD-XL,Preppy Pooch Dress RD,8.95,0,0,,2
24510RD-XS,Preppy Pooch Dress RD,8.95,0,0,,26
25110WT-L,Princess Dotty Dress,5.95,0,0,,6
25110WT-XL,Princess Dotty Dress,8.95,0,0,,7
26010PK-L,Polka Dot Ribbon Sweater Dress,13,0,0,,25
26010PK-M,Polka Dot Ribbon Sweater Dress,13,0,0,,31
26010PK-S,Polka Dot Ribbon Sweater Dress,13,0,0,,16
26010PK-XL,Polka Dot Ribbon Sweater Dress,13,0,0,,17
26010PK-XS,Polka Dot Ribbon Sweater Dress,13,0,0,,19
26010PK-XXS,Polka Dot Ribbon Sweater Dress,13,0,0,,10
26020PK-L,Ruffle Sweater Dress,8.95,0,0,,9
26020PK-M,Ruffle Sweater Dress,8.95,0,0,,5
26020PK-S,Ruffle Sweater Dress,8.95,0,0,,0
26020PK-XL,Ruffle Sweater Dress,8.95,0,0,,10
26020PK-XS,Ruffle Sweater Dress,8.95,0,0,,0
26020PK-XXS,Ruffle Sweater Dress,8.95,0,0,,4
26030PK-L,Jewel Pom Pom Sweater Dress,13.5,0,0,,21
26030PK-M,Jewel Pom Pom Sweater Dress,13.5,0,0,,6
26030PK-S,Jewel Pom Pom Sweater Dress,13.5,0,0,,0
26030PK-XL,Jewel Pom Pom Sweater Dress,13.5,0,0,,13
26030PK-XS,Jewel Pom Pom Sweater Dress,13.5,0,0,,0
26030PK-XXS,Jewel Pom Pom Sweater Dress,13.5,0,0,,1
26040PK-L,Preppy Heart Sweater Dress,13.5,0,0,,21
26040PK-M,Preppy Heart Sweater Dress,13.5,0,0,,26
26040PK-S,Preppy Heart Sweater Dress,13.5,0,0,,29
26040PK-XL,Preppy Heart Sweater Dress,13.5,0,0,,20
26040PK-XS,Preppy Heart Sweater Dress,13.5,0,0,,47
26040PK-XXS,Preppy Heart Sweater Dress,13.5,0,0,,17
26050PK-L,Gossip Pooch Sweater Dress,12.5,0,0,,0
26050PK-M,Gossip Pooch Sweater Dress,12.5,0,0,,0
26050PK-S,Gossip Pooch Sweater Dress,12.5,0,0,,0
26050PK-XL,Gossip Pooch Sweater Dress,12.5,0,0,,0
26050PK-XS,Gossip Pooch Sweater Dress,12.5,0,0,,0
26050PK-XXS,Gossip Pooch Sweater Dress,12.5,0,0,,0
26060RD-L,Tribal Graphic Sweater Dress,12.5,0,0,,2
26060RD-M,Tribal Graphic Sweater Dress,12.5,0,0,,7
26060RD-S,Tribal Graphic Sweater Dress,12.5,0,0,,33
26060RD-XL,Tribal Graphic Sweater Dress,12.5,0,0,,7
26060RD-XS,Tribal Graphic Sweater Dress,12.5,0,0,,19
26060RD-XXS,Tribal Graphic Sweater Dress,12.5,0,0,,1
26070PK-L,Bubble Dot Sweater Dress,14,0,0,,21
26070PK-M,Bubble Dot Sweater Dress,14,0,0,,30
26070PK-S,Bubble Dot Sweater Dress,14,0,0,,19
26070PK-XL,Bubble Dot Sweater Dress,14,0,0,,25
26070PK-XS,Bubble Dot Sweater Dress,14,0,0,,24
26070PK-XXS,Bubble Dot Sweater Dress,14,0,0,,14
26071RD-L,Bubble Dot Sweater Dress RD,14,0,0,,4
26071RD-M,Bubble Dot Sweater Dress RD,14,0,0,,6
26071RD-S,Bubble Dot Sweater Dress RD,14,0,0,,33
26071RD-XL,Bubble Dot Sweater Dress RD,14,0,0,,8
26071RD-XS,Bubble Dot Sweater Dress RD,14,0,0,,15
26071RD-XXS,Bubble Dot Sweater Dress RD,14,0,0,,12
26080PK-L,School Girl Sweater Dress,14,0,0,,25
26080PK-M,School Girl Sweater Dress,14,0,0,,10
26080PK-S,School Girl Sweater Dress,14,0,0,,0
26080PK-XL,School Girl Sweater Dress,14,0,0,,20
26080PK-XS,School Girl Sweater Dress,14,0,0,,0
26080PK-XXS,School Girl Sweater Dress,14,0,0,,8
26090PK-L,Ruffle Tiered Sweater Dress,14,0,0,,10
26090PK-M,Ruffle Tiered Sweater Dress,14,0,0,,26
26090PK-S,Ruffle Tiered Sweater Dress,14,0,0,,53
26090PK-XL,Ruffle Tiered Sweater Dress,14,0,0,,27
26090PK-XS,Ruffle Tiered Sweater Dress,14,0,0,,27
26090PK-XXS,Ruffle Tiered Sweater Dress,14,0,0,,2
26110PR-L,Sequin Sweater Dress Purple,15,0,0,,18
26110PR-M,Sequin Sweater Dress Purple,15,0,0,,31
26110PR-S,Sequin Sweater Dress Purple,15,0,0,,68
26110PR-XL,Sequin Sweater Dress Purple,15,0,0,,17
26110PR-XS,Sequin Sweater Dress Purple,15,0,0,,48
26110PR-XXS,Sequin Sweater Dress Purple,15,0,0,,14
26111RD-L,Sequin Sweater Dress Red,15,0,0,,3
26111RD-M,Sequin Sweater Dress Red,15,0,0,,0
26111RD-S,Sequin Sweater Dress Red,15,0,0,,47
26111RD-XL,Sequin Sweater Dress Red,15,0,0,,4
26111RD-XS,Sequin Sweater Dress Red,15,0,0,,31
26111RD-XXS,Sequin Sweater Dress Red,15,0,0,,13
26120PK-L,Cupcake Sweater Dress,16,0,0,,29
26120PK-M,Cupcake Sweater Dress,16,0,0,,63
26120PK-S,Cupcake Sweater Dress,16,0,0,,95
26120PK-XL,Cupcake Sweater Dress,16,0,0,,22
26120PK-XS,Cupcake Sweater Dress,16,0,0,,56
26120PK-XXS,Cupcake Sweater Dress,16,0,0,,21
26130PK-L,Cute Lady Sweater Dress,14,0,0,,1
26130PK-M,Cute Lady Sweater Dress,14,0,0,,11
26130PK-S,Cute Lady Sweater Dress,14,0,0,,30
26130PK-XL,Cute Lady Sweater Dress,14,0,0,,10
26130PK-XS,Cute Lady Sweater Dress,14,0,0,,26
26130PK-XXS,Cute Lady Sweater Dress,14,0,0,,0
26410PK-L,Chelsea Plaid Dress,9.95,0,0,,7
26410PK-M,Chelsea Plaid Dress,9.95,0,0,,14
26410PK-S,Chelsea Plaid Dress,9.95,0,0,,15
26410PK-XL,Chelsea Plaid Dress,9.95,0,0,,2
26410PK-XS,Chelsea Plaid Dress,9.95,0,0,,23
32010DN-L,Mini Skirt Sanitary Pant DN/PK,7.95,0,0,,21
32010DN-M,Mini Skirt Sanitary Pant DN/PK,7.95,0,0,,44
32010DN-S,Mini Skirt Sanitary Pant DN/PK,7.95,0,0,,38
32010DN-XS,Mini Skirt Sanitary Pant DN/PK,7.95,0,0,,11
33016GN-S,Go Camouflage Green,4.5,0,0,,9
33016GN-XS,Go Camouflage Green,4.5,0,0,,34
33016PK-M,Go Camouflage Pink,4.5,0,0,,3
33016PK-S,Go Camouflage Pink,4.5,0,0,,28
33016PK-SS,Go Camouflage Pink,4.5,0,0,,35
33110PK-L,Furry Harness Vest,17,0,0,,60
33110PK-M,Furry Harness Vest,17,0,0,,54
33110PK-S,Furry Harness Vest,17,0,0,,24
33110PK-XL,Furry Harness Vest,17,0,0,,79
33110PK-XS,Furry Harness Vest,17,0,0,,43
33111BK-L,Furry Harness Vest Black,17,0,0,,44
33111BK-M,Furry Harness Vest Black,17,0,0,,65
33111BK-S,Furry Harness Vest Black,17,0,0,,28
33111BK-XL,Furry Harness Vest Black,17,0,0,,84
33111BK-XS,Furry Harness Vest Black,17,0,0,,16
33112DN-L,Furry Harness Vest Denim,17,0,0,,0
33112DN-M,Furry Harness Vest Denim,17,0,0,,0
33112DN-S,Furry Harness Vest Denim,17,0,0,,0
33112DN-XL,Furry Harness Vest Denim,17,0,0,,10
33112DN-XS,Furry Harness Vest Denim,17,0,0,,0
33113BN-L,Furry Harness Vest Brown,17,0,0,,43
33113BN-M,Furry Harness Vest Brown,17,0,0,,51
33113BN-S,Furry Harness Vest Brown,17,0,0,,40
33113BN-XL,Furry Harness Vest Brown,17,0,0,,71
33113BN-XS,Furry Harness Vest Brown,17,0,0,,60
33120BK-L,Furry Harness Vest Houndstooth,17,0,0,,53
33120BK-M,Furry Harness Vest Houndstooth,17,0,0,,43
33120BK-S,Furry Harness Vest Houndstooth,17,0,0,,39
33120BK-XL,Furry Harness Vest Houndstooth,17,0,0,,85
33120BK-XS,Furry Harness Vest Houndstooth,17,0,0,,59
33121PK-L,Furry Harness Vest Houndstooth,17,0,0,,8
33121PK-M,Furry Harness Vest Houndstooth,17,0,0,,-1
33121PK-S,Furry Harness Vest Houndstooth,17,0,0,,0
33121PK-XL,Furry Harness Vest Houndstooth,17,0,0,,19
33121PK-XS,Furry Harness Vest Houndstooth,17,0,0,,9
33210PK-L,DG Harness Vest PK,5.85,0,0,,21
33210PK-M,DG Harness Vest PK,5.85,0,0,,16
33210PK-S,DG Harness Vest PK,5.85,0,0,,8
33210PK-XL,DG Harness Vest PK,5.85,0,0,,0
33210PK-XS,DG Harness Vest PK,5.85,0,0,,1
33211BL-L,DG Harness Vest BL,5.85,0,0,,17
33211BL-M,DG Harness Vest BL,5.85,0,0,,7
33211BL-S,DG Harness Vest BL,5.85,0,0,,14
33211BL-XL,DG Harness Vest BL,5.85,0,0,,0
33211BL-XS,DG Harness Vest BL,5.85,0,0,,30
33212BN-L,DG Harness Vest BN,5.85,0,0,,0
33212BN-M,DG Harness Vest BN,5.85,0,0,,0
33212BN-S,DG Harness Vest BN,5.85,0,0,,0
33212BN-XL,DG Harness Vest BN,5.85,0,0,,0
33212BN-XS,DG Harness Vest BN,5.85,0,0,,18
33310GRY-L,Stripe Harness Vest GRY,9.5,0,0,,7
33310GRY-M,Stripe Harness Vest GRY,9.5,0,0,,28
33310GRY-S,Stripe Harness Vest GRY,9.5,0,0,,16
33310GRY-XS,Stripe Harness Vest GRY,9.5,0,0,,8
33311PK-L,Stripe Harness Vest PK,9.5,0,0,,24
33311PK-M,Stripe Harness Vest PK,9.5,0,0,,34
33311PK-S,Stripe Harness Vest PK,9.5,0,0,,34
33311PK-XS,Stripe Harness Vest PK,9.5,0,0,,13
33410BL-L,iCool Vest,17,0,0,,81
33410BL-M,iCool Vest,17,0,0,,94
33410BL-S,iCool Vest,17,0,0,,78
33410BL-XL,iCool Vest,17,0,0,,82
33410BL-XXL,iCool Vest,17,0,0,,70
33410LBL-XS,iCool Vest,17,0,0,,71
34010RD-L,Pom Pom Santa,14,0,0,,0
34010RD-M,Pom Pom Santa,14,0,0,,0
34010RD-S,Pom Pom Santa,14,0,0,,0
34010RD-XL,Pom Pom Santa,15,0,0,,0
34010RD-XS,Pom Pom Santa,14,0,0,,0
34010RD-XXL,Pom Pom Santa,16,0,0,,0
34011GN-L,Elf Coat GN,9.95,0,0,,0
34011GN-M,Elf Coat GN,9.95,0,0,,0
34011GN-S,Elf Coat GN,9.95,0,0,,0
34011GN-XL,Elf Coat GN,9.95,0,0,,0
34011GN-XS,Elf Coat GN,9.95,0,0,,0
34011GN-XXL,Elf Coat,9.95,0,0,,0
34030RD-L,Santa Plaid Coat,16,0,0,,15
34030RD-M,Santa Plaid Coat,15,0,0,,32
34030RD-S,Santa Plaid Coat,15,0,0,,34
34030RD-XL,Santa Plaid Coat,17,0,0,,33
34030RD-XS,Santa Plaid Coat,15,0,0,,31
34030RD-XXL,Santa Plaid Coat,18,0,0,,13
34130RD-L,Werewolf Plaid Shirt,16.5,0,0,,24
34130RD-M,Werewolf Plaid Shirt,16.5,0,0,,36
34130RD-S,Werewolf Plaid Shirt,16.5,0,0,,41
34130RD-XL,Werewolf Plaid Shirt,16.5,0,0,,16
34130RD-XS,Werewolf Plaid Shirt,16.5,0,0,,19
35010BN-L,Raccoon Coat,6.95,0,0,,13
35010BN-M,Raccoon Coat,6.95,0,0,,5
35010BN-S,Raccoon Coat,6.95,0,0,,1
35010BN-XL,Raccoon Coat,6.95,0,0,,16
35010BN-XS,Raccoon Coat,6.95,0,0,,19
35020BK-L,Panda Coat,16.5,0,0,,27
35020BK-M,Panda Coat,16.5,0,0,,16
35020BK-S,Panda Coat,16.5,0,0,,31
35020BK-XL,Panda Coat,17.5,0,0,,23
35020BK-XS,Panda Coat,16.5,0,0,,16
35030YW-L,Duckling Coat,16,0,0,,35
35030YW-M,Duckling Coat,16,0,0,,13
35030YW-S,Duckling Coat,16,0,0,,24
35030YW-XL,Duckling Coat,17,0,0,,24
35030YW-XS,Duckling Coat,16,0,0,,16
36010PR-L,Charming Witch,15.5,0,0,,11
36010PR-M,Charming Witch,15.5,0,0,,33
36010PR-S,Charming Witch,15.5,0,0,,35
36010PR-XL,Charming Witch,15.5,0,0,,0
36010PR-XS,Charming Witch,15.5,0,0,,39
36020GN-L,Frankenstein Hat & Shirt,16.5,0,0,,31
36020GN-M,Frankenstein Hat & Shirt,16.5,0,0,,39
36020GN-S,Frankenstein Hat & Shirt,16.5,0,0,,46
36020GN-XL,Frankenstein Hat & Shirt,16.5,0,0,,25
36020GN-XS,Frankenstein Hat & Shirt,16.5,0,0,,26
37010RD-M,Easy-D Sailor Vest,11.5,0,0,,34
37010RD-S,Easy-D Sailor Vest,11.5,0,0,,34
37010RD-XS,Easy-D Sailor Vest,11.5,0,0,,45
37010RD-XXS,Easy-D Sailor Vest,11.5,0,0,,26
37020PK-M,Easy-D Bow Dot Dress,12.5,0,0,,67
37020PK-S,Easy-D Bow Dot Dress,12.5,0,0,,77
37020PK-XS,Easy-D Bow Dot Dress,12.5,0,0,,79
37020PK-XXS,Easy-D Bow Dot Dress,12.5,0,0,,35
37030PK-M,Easy-D Bling Dress,12.5,0,0,,59
37030PK-S,Easy-D Bling Dress,12.5,0,0,,70
37030PK-XS,Easy-D Bling Dress,12.5,0,0,,71
37030PK-XXS,Easy-D Bling Dress,12.5,0,0,,39
41010PK-L,French Terry Hoody & Pant-2pc.,7.95,0,0,,24
41010PK-M,French Terry Hoody & Pant-2pc.,7.95,0,0,,5
41010PK-S,French Terry Hoody & Pant-2pc.,7.95,0,0,,0
41010PK-XL,French Terry Hoody & Pant-2pc.,7.95,0,0,,8
41010PK-XS,French Terry Hoody & Pant-2pc.,7.95,0,0,,0
45010GRY-L,Bomber Jumper GRY,17,0,0,,36
45010GRY-M,Bomber Jumper GRY,17,0,0,,66
45010GRY-S,Bomber Jumper GRY,17,0,0,,71
45010GRY-XL,Bomber Jumper GRY,17,0,0,,18
45010GRY-XS,Bomber Jumper GRY,17,0,0,,47
45011BG-L,Bomber Jumper BG,17,0,0,,46
45011BG-M,Bomber Jumper BG,17,0,0,,77
45011BG-S,Bomber Jumper BG,17,0,0,,76
45011BG-XL,Bomber Jumper BG,17,0,0,,25
45011BG-XS,Bomber Jumper BG,17,0,0,,50
46010PK-L,Bear Sweater Jumper Pink,14,0,0,,15
46010PK-M,Bear Sweater Jumper Pink,14,0,0,,44
46010PK-S,Bear Sweater Jumper Pink,14,0,0,,48
46010PK-XL,Bear Sweater Jumper Pink,14,0,0,,16
46010PK-XS,Bear Sweater Jumper Pink,14,0,0,,38
46011BL-L,Bear Sweater Jumper Blue,14,0,0,,16
46011BL-M,Bear Sweater Jumper Blue,14,0,0,,54
46011BL-S,Bear Sweater Jumper Blue,14,0,0,,53
46011BL-XL,Bear Sweater Jumper Blue,14,0,0,,19
46011BL-XS,Bear Sweater Jumper Blue,14,0,0,,33
53010YW-L,DOGO Bone Sweat Shirt Yellow,4.95,0,0,,0
53030GN-L,Croc Attack Sweatshirt,13,0,0,,21
53030GN-M,Croc Attack Sweatshirt,13,0,0,,26
53030GN-S,Croc Attack Sweatshirt,13,0,0,,27
53030GN-XL,Croc Attack Sweatshirt,13,0,0,,22
53030GN-XS,Croc Attack Sweatshirt,13,0,0,,33
53040BK-L,Multi Stripes Hoodie Black,13.5,0,0,,26
53040BK-M,Multi Stripes Hoodie Black,13.5,0,0,,31
53040BK-S,Multi Stripes Hoodie Black,13.5,0,0,,35
53040BK-XL,Multi Stripes Hoodie Black,13.5,0,0,,22
53040BK-XS,Multi Stripes Hoodie Black,13.5,0,0,,38
53041PK-L,Multi Stripes Hoodie Pink,13.5,0,0,,40
53041PK-M,Multi Stripes Hoodie Pink,13.5,0,0,,47
53041PK-S,Multi Stripes Hoodie Pink,13.5,0,0,,46
53041PK-XL,Multi Stripes Hoodie Pink,13.5,0,0,,16
53041PK-XS,Multi Stripes Hoodie Pink,13.5,0,0,,40
53050GRY-L,Bear Attack Sweatshirt,13,0,0,,40
53050GRY-M,Bear Attack Sweatshirt,13,0,0,,39
53050GRY-S,Bear Attack Sweatshirt,13,0,0,,51
53050GRY-XL,Bear Attack Sweatshirt,13,0,0,,22
53050GRY-XS,Bear Attack Sweatshirt,13,0,0,,24
53060OR-L,Football Sweatshirt,14,0,0,,28
53060OR-M,Football Sweatshirt,14,0,0,,37
53060OR-S,Football Sweatshirt,14,0,0,,46
53060OR-XL,Football Sweatshirt,14,0,0,,31
53060OR-XS,Football Sweatshirt,14,0,0,,17
53110GRY-L,SharkDog Sweatshirt-L,16.5,0,0,,58
53110GRY-M,SharkDog Sweatshirt-M,15.5,0,0,,100
53110GRY-S,SharkDog Sweatshirt-S,15.5,0,0,,76
53110GRY-XL,SharkDog Sweatshirt-XL,17.5,0,0,,67
53110GRY-XS,SharkDog Sweatshirt-XS,15.5,0,0,,39
53110GRY-XXL,SharkDog Sweatshirt-XXL,18.5,0,0,,74
53120BK-L,Penguin Dog Sweatshirt,14,0,0,,28
53120BK-M,Penguin Dog Sweatshirt,14,0,0,,45
53120BK-S,Penguin Dog Sweatshirt,14,0,0,,55
53120BK-XL,Penguin Dog Sweatshirt,14,0,0,,33
53120BK-XS,Penguin Dog Sweatshirt,14,0,0,,44
53130OR-L,Pumpkin Dog Sweatshirt,14,0,0,,40
53130OR-M,Pumpkin Dog Sweatshirt,14,0,0,,54
53130OR-S,Pumpkin Dog Sweatshirt,14,0,0,,65
53130OR-XL,Pumpkin Dog Sweatshirt,14,0,0,,41
53130OR-XS,Pumpkin Dog Sweatshirt,14,0,0,,19
53140GN-L,Froggy Sweatshirt,14.5,0,0,,25
53140GN-M,Froggy Sweatshirt,14.5,0,0,,34
53140GN-S,Froggy Sweatshirt,14.5,0,0,,41
53140GN-XL,Froggy Sweatshirt,14.5,0,0,,32
53140GN-XS,Froggy Sweatshirt,14.5,0,0,,27
53150BN-L,Lion King Sweatshirt,14.5,0,0,,8
53150BN-M,Lion King Sweatshirt,14.5,0,0,,17
53150BN-S,Lion King Sweatshirt,14.5,0,0,,3
53150BN-XL,Lion King Sweatshirt,14.5,0,0,,9
53150BN-XS,Lion King Sweatshirt,14.5,0,0,,10
53210RD-L,Fuzzy Heart RD,12,0,0,,17
53210RD-XS,Fuzzy Heart RD,12,0,0,,10
53220YW-L,Owl Sweatshirt,16.5,0,0,,19
53220YW-M,Owl Sweatshirt,16.5,0,0,,122
53220YW-S,Owl Sweatshirt,16.5,0,0,,42
53220YW-XL,Owl Sweatshirt,16.5,0,0,,14
53220YW-XS,Owl Sweatshirt,16.5,0,0,,51
53320RD-L,Dragon Sweatshirt,14.5,0,0,,3
53320RD-M,Dragon Sweatshirt,14.5,0,0,,-1
53320RD-S,Dragon Sweatshirt,14.5,0,0,,1
53320RD-XL,Dragon Sweatshirt,14.5,0,0,,2
53320RD-XS,Dragon Sweatshirt,14.5,0,0,,16
53321BK-L,Dragon Skull Sweatshirt,16.5,0,0,,26
53321BK-M,Dragon Skull Sweatshirt,16.5,0,0,,60
53321BK-S,Dragon Skull Sweatshirt,16.5,0,0,,58
53321BK-XL,Dragon Skull Sweatshirt,16.5,0,0,,28
53321BK-XS,Dragon Skull Sweatshirt,16.5,0,0,,33
53330RD-L,Angry Bull Sweatshirt,16.5,0,0,,46
53330RD-M,Angry Bull Sweatshirt,16.5,0,0,,73
53330RD-S,Angry Bull Sweatshirt,16.5,0,0,,85
53330RD-XL,Angry Bull Sweatshirt,16.5,0,0,,32
53330RD-XS,Angry Bull Sweatshirt,16.5,0,0,,37
53340BK-L,Skunk Sweatshirt,16.5,0,0,,96
53340BK-M,Skunk Sweatshirt,16.5,0,0,,101
53340BK-S,Skunk Sweatshirt,16.5,0,0,,101
53340BK-XL,Skunk Sweatshirt,16.5,0,0,,43
53340BK-XS,Skunk Sweatshirt,16.5,0,0,,54
54120RD-L,Joker Sweatshirt,14.5,0,0,,63
54120RD-M,Joker Sweatshirt,14.5,0,0,,58
54120RD-S,Joker Sweatshirt,14.5,0,0,,73
54120RD-XL,Joker Sweatshirt,14.5,0,0,,47
54120RD-XS,Joker Sweatshirt,14.5,0,0,,59
57011PK-XL,Bunny Shirt,7.95,0,0,,6
57021PK-L,Scarf Sweater Cashmere PK,9.95,0,0,,13
57021PK-M,Scarf Sweater Cashmere PK,9.95,0,0,,5
57021PK-S,Scarf Sweater Cashmere PK,9.95,0,0,,0
57021PK-XL,Scarf Sweater Cashmere PK,9.95,0,0,,15
57021PK-XS,Scarf Sweater Cashmere PK,9.95,0,0,,4
57022RD-L,Scarf Sweater Cashmere RD,9.95,0,0,,0
57022RD-M,Scarf Sweater Cashmere RD,9.95,0,0,,0
57022RD-S,Scarf Sweater Cashmere RD,9.95,0,0,,0
57022RD-XL,Scarf Sweater Cashmere RD,9.95,0,0,,6
57022RD-XS,Scarf Sweater Cashmere RD,9.95,0,0,,0
57023BK-L,Scarf Sweater Cashmere BK,9.95,0,0,,0
57023BK-M,Scarf Sweater Cashmere BK,9.95,0,0,,0
57023BK-S,Scarf Sweater Cashmere BK,9.95,0,0,,13
57023BK-XL,Scarf Sweater Cashmere BK,9.95,0,0,,14
57023BK-XS,Scarf Sweater Cashmere BK,9.95,0,0,,12
57030BN-L,Sweater Coat Cashmere BN,6.95,0,0,,0
57030BN-M,Sweater Coat Cashmere BN,6.95,0,0,,0
57030BN-S,Sweater Coat Cashmere BN,6.95,0,0,,0
57030BN-XL,Sweater Coat Cashmere BN,6.95,0,0,,0
57030BN-XS,Sweater Coat Cashmere BN,6.95,0,0,,6
57040PK-L,Foxy Scarf Cashmere PK,14,0,0,,15
57040PK-M,Foxy Scarf Cashmere PK,14,0,0,,3
57040PK-S,Foxy Scarf Cashmere PK,14,0,0,,13
57040PK-XL,Foxy Scarf Cashmere PK,14,0,0,,19
57040PK-XS,Foxy Scarf Cashmere PK,14,0,0,,7
57040PK-XXS,Foxy Scarf Cashmere PK,14,0,0,,9
57041GN-L,Foxy Scarf Cashmere GN,14,0,0,,20
57041GN-M,Foxy Scarf Cashmere GN,14,0,0,,25
57041GN-S,Foxy Scarf Cashmere GN,14,0,0,,21
57041GN-XL,Foxy Scarf Cashmere GN,14,0,0,,20
57041GN-XS,Foxy Scarf Cashmere GN,14,0,0,,6
57041GN-XXS,Foxy Scarf Cashmere GN,14,0,0,,1
57042BN-L,Foxy Scarf Cashmere BN,14,0,0,,15
57042BN-M,Foxy Scarf Cashmere BN,14,0,0,,11
57042BN-S,Foxy Scarf Cashmere BN,14,0,0,,1
57042BN-XL,Foxy Scarf Cashmere BN,14,0,0,,20
57042BN-XS,Foxy Scarf Cashmere BN,14,0,0,,37
57042BN-XXS,Foxy Scarf Cashmere BN,14,0,0,,9
57043GRY-L,Foxy Scarf Cashmere GRY,14,0,0,,17
57043GRY-M,Foxy Scarf Cashmere GRY,14,0,0,,26
57043GRY-S,Foxy Scarf Cashmere GRY,14,0,0,,22
57043GRY-XL,Foxy Scarf Cashmere GRY,14,0,0,,20
57043GRY-XS,Foxy Scarf Cashmere GRY,14,0,0,,26
57043GRY-XXS,Foxy Scarf Cashmere GRY,14,0,0,,0
57050BG-L,Hoodie Cable Coat Cashmere,15,0,0,,18
57050BG-M,Hoodie Cable Coat Cashmere,15,0,0,,19
57050BG-S,Hoodie Cable Coat Cashmere,15,0,0,,24
57050BG-XL,Hoodie Cable Coat Cashmere,15,0,0,,27
57050BG-XS,Hoodie Cable Coat Cashmere,15,0,0,,40
57051GN-L,Hoodie Cable Coat Cashmere GN,15,0,0,,32
57051GN-M,Hoodie Cable Coat Cashmere GN,15,0,0,,24
57051GN-S,Hoodie Cable Coat Cashmere GN,15,0,0,,28
57051GN-XL,Hoodie Cable Coat Cashmere GN,15,0,0,,22
57051GN-XS,Hoodie Cable Coat Cashmere GN,15,0,0,,33
57070PK-L,Color Block Scarf Sweater PK,6.95,0,0,,25
57070PK-M,Color Block Scarf Sweater PK,6.95,0,0,,44
57070PK-S,Color Block Scarf Sweater PK,6.95,0,0,,49
57070PK-XL,Color Block Scarf Sweater PK,6.95,0,0,,20
57070PK-XS,Color Block Scarf Sweater PK,6.95,0,0,,57
57071BL-L,Color Block Scarf Sweater BL,6.95,0,0,,4
57071BL-M,Color Block Scarf Sweater BL,6.95,0,0,,0
57071BL-S,Color Block Scarf Sweater BL,6.95,0,0,,0
57071BL-XL,Color Block Scarf Sweater BL,6.95,0,0,,17
57071BL-XS,Color Block Scarf Sweater BL,6.95,0,0,,23
57071BL-XXS,Color Block Scarf Sweater BL,6.95,0,0,,0
57080BN-L,Hoodie Sweater Coat BN,16.5,0,0,,5
57080BN-M,Hoodie Sweater Coat BN,16.5,0,0,,23
57080BN-S,Hoodie Sweater Coat BN,16.5,0,0,,-1
57080BN-XL,Hoodie Sweater Coat BN,16.5,0,0,,0
57080BN-XS,Hoodie Sweater Coat BN,16.5,0,0,,28
57081BL-L,Hoodie Sweater Coat BL,16.5,0,0,,30
57081BL-M,Hoodie Sweater Coat BL,16.5,0,0,,11
57081BL-S,Hoodie Sweater Coat BL,16.5,0,0,,19
57081BL-XL,Hoodie Sweater Coat BL,16.5,0,0,,15
57081BL-XS,Hoodie Sweater Coat BL,16.5,0,0,,20
57082RD-L,Hoodie Sweater Coat RD,16.5,0,0,,48
57082RD-M,Hoodie Sweater Coat RD,16.5,0,0,,17
57082RD-S,Hoodie Sweater Coat RD,16.5,0,0,,46
57082RD-XL,Hoodie Sweater Coat RD,16.5,0,0,,33
57082RD-XS,Hoodie Sweater Coat RD,16.5,0,0,,50
57090GRY-L,Luxy Fur Sweater Coat GRY,15,0,0,,48
57090GRY-M,Luxy Fur Sweater Coat GRY,15,0,0,,26
57090GRY-S,Luxy Fur Sweater Coat GRY,15,0,0,,13
57090GRY-XL,Luxy Fur Sweater Coat GRY,15,0,0,,59
57090GRY-XS,Luxy Fur Sweater Coat GRY,15,0,0,,5
57091PK-L,Luxy Fur Sweater Coat PK,15,0,0,,52
57091PK-M,Luxy Fur Sweater Coat PK,15,0,0,,50
57091PK-S,Luxy Fur Sweater Coat PK,15,0,0,,58
57091PK-XL,Luxy Fur Sweater Coat PK,15,0,0,,63
57091PK-XS,Luxy Fur Sweater Coat PK,15,0,0,,37
57092RD-L,Luxy Fur Sweater RD,15,0,0,,32
57092RD-M,Luxy Fur Sweater RD,15,0,0,,32
57092RD-S,Luxy Fur Sweater RD,15,0,0,,63
57092RD-XL,Luxy Fur Sweater RD,15,0,0,,14
57092RD-XS,Luxy Fur Sweater RD,15,0,0,,48
57110RD-L,Stripy Lover Sweater Red,9.95,0,0,,22
57110RD-M,Stripy Lover Sweater Red,9.95,0,0,,35
57110RD-S,Stripy Lover Sweater Red,9.95,0,0,,45
57110RD-XL,Stripy Lover Sweater Red,9.95,0,0,,19
57110RD-XS,Stripy Lover Sweater Red,9.95,0,0,,24
57111PK-L,Stripy Lover Sweater Pink,9.95,0,0,,22
57111PK-M,Stripy Lover Sweater Pink,9.95,0,0,,35
57111PK-S,Stripy Lover Sweater Pink,9.95,0,0,,27
57111PK-XL,Stripy Lover Sweater Pink,9.95,0,0,,28
57111PK-XS,Stripy Lover Sweater Pink,9.95,0,0,,42
57112BN-L,Stripy Lover Sweater Beige,9.95,0,0,,46
57112BN-M,Stripy Lover Sweater Beige,9.95,0,0,,48
57112BN-S,Stripy Lover Sweater Beige,9.95,0,0,,33
57112BN-XL,Stripy Lover Sweater Beige,9.95,0,0,,23
57112BN-XS,Stripy Lover Sweater Beige,9.95,0,0,,25
57113BL-L,Stripy Lover Sweater Baby Blue,9.95,0,0,,22
57113BL-M,Stripy Lover Sweater Baby Blue,9.95,0,0,,11
57113BL-S,Stripy Lover Sweater Baby Blue,9.95,0,0,,21
57113BL-XL,Stripy Lover Sweater Baby Blue,9.95,0,0,,21
57113BL-XS,Stripy Lover Sweater Baby Blue,9.95,0,0,,35
57114GN-L,Stripy Lover Sweater Green,9.95,0,0,,28
57114GN-M,Stripy Lover Sweater Green,9.95,0,0,,8
57114GN-S,Stripy Lover Sweater Green,9.95,0,0,,19
57114GN-XL,Stripy Lover Sweater Green,9.95,0,0,,33
57114GN-XS,Stripy Lover Sweater Green,9.95,0,0,,17
57130BL-L,Stripe Hoodie Sweater Blue,13,0,0,,39
57130BL-M,Stripe Hoodie Sweater Blue,13,0,0,,39
57130BL-S,Stripe Hoodie Sweater Blue,13,0,0,,21
57130BL-XL,Stripe Hoodie Sweater Blue,13,0,0,,43
57130BL-XS,Stripe Hoodie Sweater Blue,13,0,0,,34
57131PK-L,Stripe Hoodie Sweater Pink,13,0,0,,14
57131PK-M,Stripe Hoodie Sweater Pink,13,0,0,,24
57131PK-S,Stripe Hoodie Sweater Pink,13,0,0,,0
57131PK-XL,Stripe Hoodie Sweater Pink,13,0,0,,11
57131PK-XS,Stripe Hoodie Sweater Pink,13,0,0,,27
57140GRY-L,Button Cable Sweater Gray,14,0,0,,65
57140GRY-M,Button Cable Sweater Gray,14,0,0,,60
57140GRY-S,Button Cable Sweater Gray,14,0,0,,37
57140GRY-XL,Button Cable Sweater Gray,14,0,0,,37
57140GRY-XS,Button Cable Sweater Gray,14,0,0,,41
57141BG-L,Button Cable Sweater Beige,14,0,0,,39
57141BG-M,Button Cable Sweater Beige,14,0,0,,39
57141BG-S,Button Cable Sweater Beige,14,0,0,,28
57141BG-XL,Button Cable Sweater Beige,14,0,0,,44
57141BG-XS,Button Cable Sweater Beige,14,0,0,,50
57230BG-L,Reindeer Sweater,8.95,0,0,,1
57230BG-M,Reindeer Sweater,8.95,0,0,,0
57230BG-S,Reindeer Sweater,8.95,0,0,,7
57230BG-XL,Reindeer Sweater,8.95,0,0,,0
57230BG-XS,Reindeer Sweater,8.95,0,0,,0
57230BG-XXS,Reindeer Sweater,8.95,0,0,,0
57240RD-L,Santa Sweater,14,0,0,,7
57240RD-M,Santa Sweater,14,0,0,,25
57240RD-S,Santa Sweater,14,0,0,,15
57240RD-XL,Santa Sweater,14,0,0,,2
57240RD-XS,Santa Sweater,14,0,0,,20
57240RD-XXS,Santa Sweater,14,0,0,,13
57320PK-L,Ski Dog Sweater w/Hat,8.95,0,0,,17
57320PK-M,Ski Dog Sweater w/Hat,8.95,0,0,,3
57320PK-S,Ski Dog Sweater w/Hat,8.95,0,0,,9
57320PK-XL,Ski Dog Sweater w/Hat,8.95,0,0,,11
57320PK-XS,Ski Dog Sweater w/Hat,8.95,0,0,,11
57321GN-L,Ski Dog Sweater & Hat Blue,8.95,0,0,,2
57321GN-M,Ski Dog Sweater & Hat Blue,8.95,0,0,,0
57321GN-S,Ski Dog Sweater & Hat Blue,8.95,0,0,,0
57321GN-XL,Ski Dog Sweater & Hat Blue,8.95,0,0,,8
57321GN-XS,Ski Dog Sweater & Hat Blue,8.95,0,0,,7
57330BG-L,Argyle Scarf Sweater BG,14,0,0,,13
57330BG-M,Argyle Scarf Sweater BG,14,0,0,,20
57330BG-S,Argyle Scarf Sweater BG,14,0,0,,31
57330BG-XL,Argyle Scarf Sweater BG,14,0,0,,5
57330BG-XS,Argyle Scarf Sweater BG,14,0,0,,32
57330BG-XXS,Argyle Scarf Sweater BG,14,0,0,,5
57331PK-L,Argyle Scarf Sweater PK,14,0,0,,8
57331PK-M,Argyle Scarf Sweater PK,14,0,0,,0
57331PK-S,Argyle Scarf Sweater PK,14,0,0,,7
57331PK-XL,Argyle Scarf Sweater PK,14,0,0,,0
57331PK-XS,Argyle Scarf Sweater PK,14,0,0,,31
57331PK-XXS,Argyle Scarf Sweater PK,14,0,0,,5
57340GRY-L,Scarf Cable Sweater GRY,15,0,0,,47
57340GRY-M,Scarf Cable Sweater GRY,15,0,0,,59
57340GRY-S,Scarf Cable Sweater GRY,15,0,0,,53
57340GRY-XL,Scarf Cable Sweater GRY,15,0,0,,30
57340GRY-XS,Scarf Cable Sweater GRY,15,0,0,,34
57340GRY-XXS,Scarf Cable Sweater GRY,15,0,0,,20
57341RD-L,Scarf Cable Sweater RD,15,0,0,,34
57341RD-M,Scarf Cable Sweater RD,15,0,0,,59
57341RD-S,Scarf Cable Sweater RD,15,0,0,,48
57341RD-XL,Scarf Cable Sweater RD,15,0,0,,16
57341RD-XS,Scarf Cable Sweater RD,15,0,0,,35
57341RD-XXS,Scarf Cable Sweater RD,15,0,0,,38
57342BL-L,Scarf Cable Sweater BL,15,0,0,,17
57342BL-M,Scarf Cable Sweater BL,15,0,0,,25
57342BL-S,Scarf Cable Sweater BL,15,0,0,,20
57342BL-XL,Scarf Cable Sweater BL,15,0,0,,18
57342BL-XS,Scarf Cable Sweater BL,15,0,0,,24
57342BL-XXS,Scarf Cable Sweater BL,15,0,0,,27
57420GRY-L,Lux Checker Sweater Coat GRY,18,0,0,,90
57420GRY-M,Lux Checker Sweater Coat GRY,17,0,0,,106
57420GRY-S,Lux Checker Sweater Coat GRY,17,0,0,,111
57420GRY-XL,Lux Checker Sweater Coat GRY,19,0,0,,54
57420GRY-XS,Lux Checker Sweater Coat GRY,17,0,0,,50
57421PK-L,Lux Checker Sweater Coat PK,18,0,0,,86
57421PK-M,Lux Checker Sweater Coat PK,17,0,0,,98
57421PK-S,Lux Checker Sweater Coat PK,17,0,0,,99
57421PK-XL,Lux Checker Sweater Coat PK,19,0,0,,45
57421PK-XS,Lux Checker Sweater Coat PK,17,0,0,,59
57510BK-L,I Bone NY Sweater,15,0,0,,16
57510BK-M,I Bone NY Sweater,15,0,0,,22
57510BK-S,I Bone NY Sweater,15,0,0,,15
57510BK-XL,I Bone NY Sweater,15,0,0,,16
57510BK-XS,I Bone NY Sweater,15,0,0,,10
57530BL-L,Prep School Sweater Blue,9.95,0,0,,17
57530BL-M,Prep School Sweater Blue,9.95,0,0,,0
57530BL-S,Prep School Sweater Blue,9.95,0,0,,12
57530BL-XL,Prep School Sweater Blue,9.95,0,0,,13
57530BL-XS,Prep School Sweater Blue,9.95,0,0,,5
57530BL-XXL,Prep School Sweater Blue,9.95,0,0,,0
57530BL-XXS,Prep School Sweater Blue,9.95,0,0,,0
57610BK-L,Stripe Polo Sweater w/Hat BK,8.95,0,0,,23
57610BK-M,Stripe Polo Sweater w/Hat BK,8.95,0,0,,13
57610BK-S,Stripe Polo Sweater w/Hat BK,8.95,0,0,,10
57610BK-XL,Stripe Polo Sweater w/Hat BK,8.95,0,0,,28
57610BK-XS,Stripe Polo Sweater w/Hat BK,8.95,0,0,,13
57611GN-L,Stripe Polo Sweater w/Hat GN,8.95,0,0,,16
57611GN-M,Stripe Polo Sweater w/Hat GN,8.95,0,0,,10
57611GN-S,Stripe Polo Sweater w/Hat GN,8.95,0,0,,4
57611GN-XL,Stripe Polo Sweater w/Hat GN,8.95,0,0,,23
57611GN-XS,Stripe Polo Sweater w/Hat GN,8.95,0,0,,12
57620BG-L,Sporty Stripe Sweater BG,15,0,0,,25
57620BG-M,Sporty Stripe Sweater BG,15,0,0,,36
57620BG-S,Sporty Stripe Sweater BG,15,0,0,,40
57620BG-XL,Sporty Stripe Sweater BG,15,0,0,,29
57620BG-XS,Sporty Stripe Sweater BG,15,0,0,,53
57620BG-XXS,Sporty Stripe Sweater BG,15,0,0,,25
57621PR-L,Sporty Stripe Sweater PR,15,0,0,,18
57621PR-M,Sporty Stripe Sweater PR,15,0,0,,26
57621PR-S,Sporty Stripe Sweater PR,15,0,0,,37
57621PR-XL,Sporty Stripe Sweater PR,15,0,0,,21
57621PR-XS,Sporty Stripe Sweater PR,15,0,0,,43
57621PR-XXS,Sporty Stripe Sweater PR,15,0,0,,25
57710OR-L,Sporty Pom Pom Sweater OR,14,0,0,,42
57710OR-M,Sporty Pom Pom Sweater OR,14,0,0,,11
57710OR-S,Sporty Pom Pom Sweater OR,14,0,0,,15
57710OR-XL,Sporty Pom Pom Sweater OR,14,0,0,,27
57710OR-XS,Sporty Pom Pom Sweater OR,14,0,0,,12
57711PK-L,Sporty Pom Pom Sweater PK,14,0,0,,7
57711PK-M,Sporty Pom Pom Sweater PK,14,0,0,,6
57711PK-S,Sporty Pom Pom Sweater PK,14,0,0,,1
57711PK-XL,Sporty Pom Pom Sweater PK,14,0,0,,4
57711PK-XS,Sporty Pom Pom Sweater PK,14,0,0,,23
57720BL-L,Classic Cable Sweater BL,15,0,0,,25
57720BL-M,Classic Cable Sweater BL,15,0,0,,20
57720BL-S,Classic Cable Sweater BL,15,0,0,,48
57720BL-XL,Classic Cable Sweater BL,15,0,0,,18
57720BL-XS,Classic Cable Sweater BL,15,0,0,,38
57720BL-XXS,Classic Cable Sweater BL,15,0,0,,15
57721RD-L,Classic Cable Sweater RD,15,0,0,,5
57721RD-M,Classic Cable Sweater RD,15,0,0,,7
57721RD-S,Classic Cable Sweater RD,15,0,0,,7
57721RD-XL,Classic Cable Sweater RD,15,0,0,,6
57721RD-XS,Classic Cable Sweater RD,15,0,0,,25
57721RD-XXS,Classic Cable Sweater RD,15,0,0,,10
57730BN-L,Fuzzy Animal Sweater BN,8.95,0,0,,2
57730BN-M,Fuzzy Animal Sweater BN,8.95,0,0,,8
57730BN-S,Fuzzy Animal Sweater BN,8.95,0,0,,36
57730BN-XL,Fuzzy Animal Sweater BN,8.95,0,0,,7
57730BN-XS,Fuzzy Animal Sweater BN,8.95,0,0,,37
57731BK-L,Fuzzy Animal Sweater BK,8.95,0,0,,0
57731BK-M,Fuzzy Animal Sweater BK,8.95,0,0,,0
57731BK-S,Fuzzy Animal Sweater BK,8.95,0,0,,-6
57731BK-XL,Fuzzy Animal Sweater BK,8.95,0,0,,1
57731BK-XS,Fuzzy Animal Sweater BK,8.95,0,0,,-4
58510PK-L,Colorful Stripes Sweater PK,14,0,0,,26
58510PK-M,Colorful Stripes Sweater PK,14,0,0,,18
58510PK-S,Colorful Stripes Sweater PK,14,0,0,,17
58510PK-XL,Colorful Stripes Sweater PK,14,0,0,,28
58510PK-XS,Colorful Stripes Sweater PK,14,0,0,,29
58510PK-XXS,Colorful Stripes Sweater PK,14,0,0,,10
58511BL-L,Colorful Stripes Sweater BL,14,0,0,,33
58511BL-M,Colorful Stripes Sweater BL,14,0,0,,46
58511BL-S,Colorful Stripes Sweater BL,14,0,0,,51
58511BL-XL,Colorful Stripes Sweater BL,14,0,0,,37
58511BL-XS,Colorful Stripes Sweater BL,14,0,0,,54
58511BL-XXS,Colorful Stripes Sweater BL,14,0,0,,26
58520CR-L,Rainbow Sweater,14,0,0,,8
58520CR-M,Rainbow Sweater,14,0,0,,23
58520CR-S,Rainbow Sweater,14,0,0,,23
58520CR-XL,Rainbow Sweater,14,0,0,,1
58520CR-XS,Rainbow Sweater,14,0,0,,26
58520CR-XXS,Rainbow Sweater,14,0,0,,11
59110GRY-3XL,Necktie Sweater,16,0,0,,17
59110GRY-4XL,Necktie Sweater,17,0,0,,16
59110GRY-L,Necktie Sweater,14,0,0,,35
59110GRY-M,Necktie Sweater,14,0,0,,56
59110GRY-S,Necktie Sweater,14,0,0,,53
59110GRY-XL,Necktie Sweater,14,0,0,,17
59110GRY-XS,Necktie Sweater,14,0,0,,50
59110GRY-XXL,Necktie Sweater,15,0,0,,14
59110GRY-XXS,Necktie Sweater,14,0,0,,23
59120RD-3XL,Metro Sweater,16,0,0,,6
59120RD-4XL,Metro Sweater,17,0,0,,13
59120RD-L,Metro Sweater,14,0,0,,22
59120RD-M,Metro Sweater,14,0,0,,48
59120RD-S,Metro Sweater,14,0,0,,48
59120RD-XL,Metro Sweater,14,0,0,,18
59120RD-XS,Metro Sweater,14,0,0,,44
59120RD-XXL,Metro Sweater,15,0,0,,10
59120RD-XXS,Metro Sweater,14,0,0,,16
59130YW-3XL,Color Block Sweater,16,0,0,,20
59130YW-4XL,Color Block Sweater,17,0,0,,24
59130YW-L,Color Block Sweater,14,0,0,,36
59130YW-M,Color Block Sweater,14,0,0,,53
59130YW-S,Color Block Sweater,14,0,0,,49
59130YW-XL,Color Block Sweater,14,0,0,,13
59130YW-XS,Color Block Sweater,14,0,0,,49
59130YW-XXL,Color Block Sweater,15,0,0,,20
59130YW-XXS,Color Block Sweater,14,0,0,,24
59140GRY-3XL,Zig Zag Sweater,16,0,0,,7
59140GRY-4XL,Zig Zag Sweater,17,0,0,,18
59140GRY-L,Zig Zag Sweater,14,0,0,,17
59140GRY-M,Zig Zag Sweater,14,0,0,,35
59140GRY-S,Zig Zag Sweater,14,0,0,,38
59140GRY-XL,Zig Zag Sweater,14,0,0,,3
59140GRY-XS,Zig Zag Sweater,14,0,0,,31
59140GRY-XXL,Zig Zag Sweater,15,0,0,,5
59140GRY-XXS,Zig Zag Sweater,14,0,0,,11
66110GN-XS,Army Jacket,19,0,0,,14
66111BG-L,Army Jacket BG,19,0,0,,1
66111BG-M,Army Jacket BG,19,0,0,,0
66111BG-S,Army Jacket BG,19,0,0,,7
66111BG-XL,Army Jacket BG,20,0,0,,6
66111BG-XS,Army Jacket BG,19,0,0,,20
66111BG-XXL,Army Jacket BG,21,0,0,,1
66120GN-L,US Army Jacket,21,0,0,,32
66120GN-M,US Army Jacket,20,0,0,,34
66120GN-S,US Army Jacket,20,0,0,,37
66120GN-XL,US Army Jacket,22,0,0,,26
66120GN-XS,US Army Jacket,20,0,0,,20
66120GN-XXL,US Army Jacket,23,0,0,,29
66210BK-L,Ski Jacket Black,9.95,0,0,,15
66210BK-M,Ski Jacket Black,9.95,0,0,,0
66210BK-S,Ski Jacket Black,9.95,0,0,,20
66210BK-XL,Ski Jacket Black,9.95,0,0,,22
66210BK-XS,Ski Jacket Black,9.95,0,0,,10
66210BK-XXL,Ski Jacket Black,9.95,0,0,,0
66211PK-L,Ski Jacket Pink,9.95,0,0,,40
66211PK-M,Ski Jacket Pink,9.95,0,0,,7
66211PK-S,Ski Jacket Pink,9.95,0,0,,26
66211PK-XL,Ski Jacket Pink,9.95,0,0,,50
66211PK-XS,Ski Jacket Pink,9.95,0,0,,7
66211PK-XXL,Ski Jacket Pink,9.95,0,0,,0
66310BL-L,Camper Vest Blue,16,0,0,,4
66310BL-M,Camper Vest Blue,16,0,0,,4
66310BL-S,Camper Vest Blue,16,0,0,,31
66310BL-XL,Camper Vest Blue,17,0,0,,15
66310BL-XS,Camper Vest Blue,16,0,0,,14
66310BL-XXL,Camper Vest Blue,18,0,0,,0
66311RD-L,Camper Vest Red,16,0,0,,21
66311RD-M,Camper Vest Red,16,0,0,,32
66311RD-S,Camper Vest Red,16,0,0,,44
66311RD-XL,Camper Vest Red,17,0,0,,25
66311RD-XS,Camper Vest Red,16,0,0,,23
66311RD-XXL,Camper Vest Red,18,0,0,,0
66410BL-L,Puffer Jacket Blue,15.5,0,0,,27
66410BL-M,Puffer Jacket Blue,14.5,0,0,,50
66410BL-S,Puffer Jacket Blue,14.5,0,0,,50
66410BL-XL,Puffer Jacket Blue,16.5,0,0,,35
66410BL-XS,Puffer Jacket Blue,14.5,0,0,,35
66410BL-XXL,Puffer Jacket Blue,17.5,0,0,,20
66411PK-L,Puffer Jacket Pink,15.5,0,0,,20
66411PK-M,Puffer Jacket Pink,14.5,0,0,,50
66411PK-S,Puffer Jacket Pink,14.5,0,0,,50
66411PK-XL,Puffer Jacket Pink,16.5,0,0,,40
66411PK-XS,Puffer Jacket Pink,14.5,0,0,,37
66411PK-XXL,Puffer Jacket Pink,17.5,0,0,,20
66412BK-L,Puffer Jacket Black,15.5,0,0,,21
66412BK-M,Puffer Jacket Black,14.5,0,0,,48
66412BK-S,Puffer Jacket Black,14.5,0,0,,49
66412BK-XL,Puffer Jacket Black,16.5,0,0,,30
66412BK-XS,Puffer Jacket Black,14.5,0,0,,32
66412BK-XXL,Puffer Jacket Black,17.5,0,0,,4
67010BK-L,Classic Chic Jacket Black,6.95,0,0,,20
67010BK-M,Classic Chic Jacket Black,6.95,0,0,,10
67010BK-S,Classic Chic Jacket Black,6.95,0,0,,17
67010BK-XL,Classic Chic Jacket Black,6.95,0,0,,27
67010BK-XS,Classic Chic Jacket Black,6.95,0,0,,24
67010BK-XXL,Classic Chic Jacket Black,6.95,0,0,,0
67011PK-L,Classic Chic Jacket Pink,6.95,0,0,,20
67011PK-M,Classic Chic Jacket Pink,6.95,0,0,,28
67011PK-S,Classic Chic Jacket Pink,6.95,0,0,,34
67011PK-XL,Classic Chic Jacket Pink,6.95,0,0,,31
67011PK-XS,Classic Chic Jacket Pink,6.95,0,0,,47
67011PK-XXL,Classic Chic Jacket Pink,6.95,0,0,,0
71050BG-L,Classic Manhattan Coat Cream,8.95,0,0,,0
71050BG-M,Classic Manhattan Coat Cream,8.95,0,0,,0
71050BG-S,Classic Manhattan Coat Cream,8.95,0,0,,0
71050BG-XL,Classic Manhattan Coat Cream,8.95,0,0,,0
71050BG-XS,Classic Manhattan Coat Cream,8.95,0,0,,0
71110BK-L,London Coat,9.95,0,0,,-1
71110BK-M,London Coat,9.95,0,0,,0
71110BK-S,London Coat,9.95,0,0,,0
71110BK-XL,London Coat,9.95,0,0,,21
71110BK-XS,London Coat,9.95,0,0,,-1
73020BG-XL,Little Lady Coat,14.5,0,0,,6
73040PK-XL,Ribbon Coat,9.95,0,0,,3
73040PK-XS,Ribbon Coat,9.95,0,0,,8
74010GN-XS,Moscow Fur Coat Green,16.5,0,0,,0
74011BN-XS,Moscow Fur Coat Brown,16.5,0,0,,0
74012PR-XS,Moscow Fur Coat Purple XS,16.5,0,0,,0
74210BN-L,Funny Bear Coat,8.95,0,0,,0
74210BN-M,Funny Bear Coat,8.95,0,0,,6
74210BN-S,Funny Bear Coat,8.95,0,0,,11
74210BN-XL,Funny Bear Coat,8.95,0,0,,15
74210BN-XS,Funny Bear Coat,8.95,0,0,,0
75110BK-L,Classic Trench Coat,19,0,0,,13
75110BK-M,Classic Trench Coat,18,0,0,,24
75110BK-S,Classic Trench Coat,18,0,0,,33
75110BK-XL,Classic Trench Coat,20,0,0,,1
75110BK-XS,Classic Trench Coat,18,0,0,,2
75110BK-XXL,Classic Trench Coat,21,0,0,,2
76010BK-L,Military Harness Coat BK,19.5,0,0,,73
76010BK-M,Military Harness Coat BK,18.5,0,0,,63
76010BK-S,Military Harness Coat BK,18.5,0,0,,54
76010BK-XL,Military Harness Coat BK,20.5,0,0,,58
76010BK-XS,Military Harness Coat BK,18.5,0,0,,40
76011BN-L,Military Harness Coat BN,19.5,0,0,,52
76011BN-M,Military Harness Coat BN,18.5,0,0,,51
76011BN-S,Military Harness Coat BN,18.5,0,0,,45
76011BN-XL,Military Harness Coat BN,20.5,0,0,,52
76011BN-XS,Military Harness Coat BN,18.5,0,0,,35
76110PK-L,Winter Snow Harness Coat PK,19,0,0,,38
76110PK-M,Winter Snow Harness Coat PK,19,0,0,,42
76110PK-S,Winter Snow Harness Coat PK,19,0,0,,46
76110PK-XL,Winter Snow Harness Coat PK,20,0,0,,44
76110PK-XS,Winter Snow Harness Coat PK,19,0,0,,49
76111BL-L,Winter Snow Harness Coat BL,19,0,0,,43
76111BL-M,Winter Snow Harness Coat BL,19,0,0,,54
76111BL-S,Winter Snow Harness Coat BL,19,0,0,,60
76111BL-XL,Winter Snow Harness Coat BL,20,0,0,,36
76111BL-XS,Winter Snow Harness Coat BL,19,0,0,,46
77030WT-XS,Alpine Snow Jacket V2 White,6.95,0,0,,33
77040PK-XL,Color Stripes Parka Pink,6.95,0,0,,4
77040PK-XS,Color Stripes Parka Pink,6.95,0,0,,9
77041BL-XS,Color Stripes Parka Navy Blue,6.95,0,0,,0
77110PK-L,Pocket Parka PK,19,0,0,,25
77110PK-M,Pocket Parka PK,18,0,0,,31
77110PK-S,Pocket Parka PK,18,0,0,,19
77110PK-XL,Pocket Parka PK,20,0,0,,30
77110PK-XS,Pocket Parka PK,18,0,0,,33
77110PK-XXL,Pocket Parka PK,21,0,0,,61
77111BK-L,Pocket Parka BK,19,0,0,,6
77111BK-M,Pocket Parka BK,18,0,0,,29
77111BK-S,Pocket Parka BK,18,0,0,,63
77111BK-XL,Pocket Parka BK,20,0,0,,38
77111BK-XS,Pocket Parka BK,18,0,0,,74
77111BK-XXL,Pocket Parka BK,21,0,0,,42
77112GN-L,Pocket Parka GN,19,0,0,,28
77112GN-M,Pocket Parka GN,18,0,0,,31
77112GN-S,Pocket Parka GN,18,0,0,,50
77112GN-XL,Pocket Parka GN,20,0,0,,37
77112GN-XS,Pocket Parka GN,18,0,0,,73
77112GN-XXL,Pocket Parka GN,21,0,0,,20
77113BN-L,Pocket Parka BN,19,0,0,,140
77113BN-M,Pocket Parka BN,18,0,0,,109
77113BN-S,Pocket Parka BN,18,0,0,,99
77113BN-XL,Pocket Parka BN,20,0,0,,120
77113BN-XS,Pocket Parka BN,18,0,0,,47
77113BN-XXL,Pocket Parka BN,21,0,0,,20
77114BL-L,Pocket Parka Navy,19,0,0,,-3
77114BL-M,Pocket Parka Navy,18,0,0,,8
77114BL-S,Pocket Parka Navy,18,0,0,,0
77114BL-XL,Pocket Parka Navy,20,0,0,,10
77114BL-XS,Pocket Parka Navy,18,0,0,,10
77114BL-XXL,Pocket Parka Navy,21,0,0,,28
77120BG-L,Urban Bubble Jacket BG,16,0,0,,18
77120BG-M,Urban Bubble Jacket BG,16,0,0,,3
77120BG-S,Urban Bubble Jacket BG,16,0,0,,0
77120BG-XL,Urban Bubble Jacket BG,17,0,0,,17
77120BG-XS,Urban Bubble Jacket BG,16,0,0,,9
77120BG-XXL,Urban Bubble Jacket BG,18,0,0,,12
77121SL-L,Urban Bubble Jacket SL,16,0,0,,4
77121SL-M,Urban Bubble Jacket SL,16,0,0,,0
77121SL-S,Urban Bubble Jacket SL,16,0,0,,-1
77121SL-XL,Urban Bubble Jacket SL,17,0,0,,33
77121SL-XS,Urban Bubble Jacket SL,16,0,0,,29
77121SL-XXL,Urban Bubble Jacket SL,18,0,0,,4
77210BK-L,Rock Star Parka Black,9.95,0,0,,-1
77210BK-M,Rock Star Parka Black,9.95,0,0,,6
77210BK-S,Rock Star Parka Black,9.95,0,0,,8
77210BK-XL,Rock Star Parka Black,9.95,0,0,,18
77210BK-XS,Rock Star Parka Black,9.95,0,0,,6
77210BK-XXL,Rock Star Parka Black,9.95,0,0,,0
77211RD-L,Rock Star Parka Red,9.95,0,0,,37
77211RD-M,Rock Star Parka Red,9.95,0,0,,29
77211RD-S,Rock Star Parka Red,9.95,0,0,,42
77211RD-XL,Rock Star Parka Red,9.95,0,0,,29
77211RD-XS,Rock Star Parka Red,9.95,0,0,,29
77211RD-XXL,Rock Star Parka Red,9.95,0,0,,2
77310BK-L,Ruched Bubble Jacket Black,18,0,0,,68
77310BK-M,Ruched Bubble Jacket Black,17,0,0,,45
77310BK-S,Ruched Bubble Jacket Black,17,0,0,,62
77310BK-XL,Ruched Bubble Jacket Black,19,0,0,,55
77310BK-XS,Ruched Bubble Jacket Black,17,0,0,,65
77311PK-L,Ruched Bubble Jacket Pink,18,0,0,,64
77311PK-M,Ruched Bubble Jacket Pink,17,0,0,,54
77311PK-S,Ruched Bubble Jacket Pink,17,0,0,,51
77311PK-XL,Ruched Bubble Jacket Pink,19,0,0,,48
77311PK-XS,Ruched Bubble Jacket Pink,17,0,0,,59
77312BN-L,Ruched Bubble Jacket Brown,18,0,0,,30
77312BN-M,Ruched Bubble Jacket Brown,17,0,0,,47
77312BN-S,Ruched Bubble Jacket Brown,17,0,0,,72
77312BN-XL,Ruched Bubble Jacket Brown,19,0,0,,23
77312BN-XS,Ruched Bubble Jacket Brown,17,0,0,,46
77410GRY-L,Dashing Dog Parka GRY,18.5,0,0,,61
77410GRY-M,Dashing Dog Parka GRY,17.5,0,0,,52
77410GRY-S,Dashing Dog Parka GRY,17.5,0,0,,64
77410GRY-XL,Dashing Dog Parka GRY,19.5,0,0,,49
77410GRY-XS,Dashing Dog Parka GRY,17.5,0,0,,26
77410GRY-XXL,Dashing Dog Parka GRY,20.5,0,0,,0
77411RD-L,Dashing Dog Parka RD,18.5,0,0,,57
77411RD-M,Dashing Dog Parka RD,17.5,0,0,,52
77411RD-S,Dashing Dog Parka RD,17.5,0,0,,62
77411RD-XL,Dashing Dog Parka RD,19.5,0,0,,61
77411RD-XS,Dashing Dog Parka RD,17.5,0,0,,61
77411RD-XXL,Dashing Dog Parka RD,20.5,0,0,,44
77412GRY-L,Dashing Dog Parka Gray/Gray,0,0,0,,6
77412GRY-M,Dashing Dog Parka Gray/Gray,0,0,0,,-1
77412YW-L,Dashing Dog Parka YW,18.5,0,0,,17
77412YW-M,Dashing Dog Parka YW,17.5,0,0,,12
77412YW-S,Dashing Dog Parka YW,17.5,0,0,,16
77412YW-XL,Dashing Dog Parka YW,19.5,0,0,,37
77412YW-XS,Dashing Dog Parka YW,17.5,0,0,,31
77412YW-XXL,Dashing Dog Parka YW,20.5,0,0,,61
77510BG-L,Urban Easy Parka,17,0,0,,24
77510BG-M,Urban Easy Parka,17,0,0,,22
77510BG-S,Urban Easy Parka,17,0,0,,27
77510BG-XL,Urban Easy Parka,17,0,0,,21
77510BG-XS,Urban Easy Parka,17,0,0,,0
81110GN-L,Rain Jumper GN,13.5,0,0,,57
81110GN-M,Rain Jumper GN,13.5,0,0,,71
81110GN-S,Rain Jumper GN,13.5,0,0,,68
81110GN-XL,Rain Jumper GN,13.5,0,0,,55
81110GN-XS,Rain Jumper GN,13.5,0,0,,54
81111YW-S,Rain Jumper YW,13.5,0,0,,10
81111YW-XS,Rain Jumper YW,13.5,0,0,,39
83112PK-L,Raning Day Safer v.2,12.5,0,0,,56
83112PK-M,Raning Day Safer v.2,12.5,0,0,,111
83112PK-S,Raning Day Safer v.2,12.5,0,0,,81
83112PK-XL,Raning Day Safer v.2,12.5,0,0,,33
83112PK-XS,Raning Day Safer v.2,12.5,0,0,,46
83112PK-XXL,Raning Day Safer v.2,12.5,0,0,,27
83113BL-L,Raning Day Safer v.2,12.5,0,0,,9
83113BL-M,Raning Day Safer v.2,12.5,0,0,,11
83113BL-S,Raning Day Safer v.2,12.5,0,0,,9
83113BL-XL,Raning Day Safer v.2,12.5,0,0,,20
83113BL-XS,Raning Day Safer v.2,12.5,0,0,,13
83113BL-XXL,Raning Day Safer v.2,12.5,0,0,,9
83114RD-L,Raning Day Safer v.2,12.5,0,0,,51
83114RD-M,Raning Day Safer v.2,12.5,0,0,,78
83114RD-S,Raning Day Safer v.2,12.5,0,0,,59
83114RD-XL,Raning Day Safer v.2,12.5,0,0,,42
83114RD-XS,Raning Day Safer v.2,12.5,0,0,,62
83114RD-XXL,Raning Day Safer v.2,12.5,0,0,,11
83120BL-L,Shark Raincoat,14.5,0,0,,13
83120BL-M,Shark Raincoat,14.5,0,0,,39
83120BL-S,Shark Raincoat,14.5,0,0,,22
83120BL-XL,Shark Raincoat,14.5,0,0,,26
83120BL-XS,Shark Raincoat,14.5,0,0,,37
83130YW-L,Duck Raincoat,14.5,0,0,,38
83130YW-M,Duck Raincoat,14.5,0,0,,38
83130YW-S,Duck Raincoat,14.5,0,0,,39
83130YW-XL,Duck Raincoat,14.5,0,0,,8
83130YW-XS,Duck Raincoat,14.5,0,0,,18
83140PK-L,Bunny Raincoat,14.5,0,0,,16
83140PK-M,Bunny Raincoat,14.5,0,0,,37
83140PK-S,Bunny Raincoat,14.5,0,0,,50
83140PK-XL,Bunny Raincoat,14.5,0,0,,17
83140PK-XS,Bunny Raincoat,14.5,0,0,,41
83310GN-L,Army Camo Raincoat,12.5,0,0,,0
83310GN-M,Army Camo Raincoat,12.5,0,0,,0
83310GN-S,Army Camo Raincoat,12.5,0,0,,0
83310GN-XL,Army Camo Raincoat,12.5,0,0,,-1
83310GN-XS,Army Camo Raincoat,12.5,0,0,,17
83311PK-L,Army Camo Raincoat PK,12.5,0,0,,-3
83311PK-M,Army Camo Raincoat PK,12.5,0,0,,-2
83311PK-S,Army Camo Raincoat PK,12.5,0,0,,0
83311PK-XL,Army Camo Raincoat PK,12.5,0,0,,-3
83311PK-XS,Army Camo Raincoat PK,12.5,0,0,,-1
83320PK-L,Pocket Raincoat v.2 PK,12.5,0,0,,43
83320PK-M,Pocket Raincoat v.2 PK,12.5,0,0,,52
83320PK-S,Pocket Raincoat v.2 PK,12.5,0,0,,56
83320PK-XL,Pocket Raincoat v.2 PK,12.5,0,0,,21
83320PK-XS,Pocket Raincoat v.2 PK,12.5,0,0,,60
83321OR-L,Pocket Raincoat v.2 OR,12.5,0,0,,0
83321OR-M,Pocket Raincoat v.2 OR,12.5,0,0,,-2
83321OR-S,Pocket Raincoat v.2 OR,12.5,0,0,,21
83321OR-XL,Pocket Raincoat v.2 OR,12.5,0,0,,7
83321OR-XS,Pocket Raincoat v.2 OR,12.5,0,0,,26
83322RD-L,Pocket Raincoat V2 Red,12.5,0,0,,35
83322RD-M,Pocket Raincoat V2 Red,12.5,0,0,,54
83322RD-S,Pocket Raincoat V2 Red,12.5,0,0,,89
83322RD-XL,Pocket Raincoat V2 Red,12.5,0,0,,45
83322RD-XS,Pocket Raincoat V2 Red,12.5,0,0,,38
A10001,Display Hanger,10,0,0,,0
P01010BN,Toy-Football Brown,4.5,0,0,,86
P01011OR,Toy-Basketball,4.5,0,0,,140
P01012BK,Toy-Soccer,4.75,0,0,,29
P01020RD,Toy-Bone Bone Ball Red,4.5,0,0,,63
P01021BL,Toy-Bone Bone Ball Blue,4.5,0,0,,224
P01022CR,Toy-Rainbow Ball,4.5,0,0,,246
P01030PK,Toy-Flower Bone Pink,4.75,0,0,,148
P01031YW,Toy-Flower Bone Yellow,4.75,0,0,,116
P01040PK,Toy-PP Bear Pink,4.95,0,0,,39
P01041BN,Toy-PP Bear Beige,4.95,0,0,,193
P01042GN,Toy-Donkey,5.5,0,0,,0
P01050BN,Toy - PP Monkey Brown,4.5,0,0,,140
P01051GN,Toy-Frog,4.5,0,0,,96
P01052YW,Toy-Duckling,4.5,0,0,,225
P01053BK,Toy-Squeaky Kitty Kat,4.5,0,0,,2
P01054PK,Toy-Piggy,4.5,0,0,,60
P01060RD,Toy - PP Candy Cane Red,4.5,0,0,,120
P01070RD,Toy - PP Dumbbell Red,4.85,0,0,,15
P01080BK,Toy - PP Penguin Black,4.75,0,0,,130
P01081RD,Toy-Birdy,4.95,0,0,,61
P01090RD,Toy-Devil,4.75,0,0,,101
P01091YW,Toy-Angel,4.75,0,0,,240
P01092YW,Toy-Happy Face,4.5,0,0,,69
P01093BL,Toy-Sad Face,4.5,0,0,,151
P01094RD,Toy-Mad Face,4.5,0,0,,215
P01110OR,Toy-Jack O Squeaky,4.5,0,0,,130
P01120PK,Toy-Stripy Heart,4.5,0,0,,258
P01121CR,Toy-Rainbow Heart,4.5,0,0,,249
P01130BN,Toy-Dog,4.5,0,0,,153
P01140WT,Toy-Rabbit,4.75,0,0,,87
P01141YW,Toy-Giraffe,6.5,0,0,,76
P01150GN,Toy-Turtle,6.5,0,0,,26
P01151PR,Toy-Octopus,6.5,0,0,,93
P01160RD,Toy-Christmas Tree Ball,4.95,0,0,,1
P01170BL,Toy-Whale,6.5,0,0,,178
P01171BL,Toy-Shark,6.5,0,0,,174
P2010PK-M,Pinky Dress,4,0,0,,0
P2010PK-S,Pinky Dress,4,0,0,,0
P2010PK-XS,Pinky Dress,4,0,0,,0
P2310PK-L,Graphic T-shirt Dress (Crown),4.85,0,0,,7
P2310PK-M,Graphic T-shirt Dress (Crown),4.85,0,0,,7
P2310PK-S,Graphic T-shirt Dress (Crown),4.85,0,0,,14
P2310PK-XL,Graphic T-shirt Dress (Crown),4.85,0,0,,15
P2310PK-XS,Graphic T-shirt Dress (Crown),4.85,0,0,,12
P2311WT-L,Graphic T-shirt Dress (Heart),4.85,0,0,,5
P2311WT-M,Graphic T-shirt Dress (Heart),4.85,0,0,,0
P2311WT-S,Graphic T-shirt Dress (Heart),4.85,0,0,,0
P2311WT-XL,Graphic T-shirt Dress (Heart),4.85,0,0,,12
P2311WT-XS,Graphic T-shirt Dress (Heart),4.85,0,0,,0
P2410PK-L,PP Stripe Polo Dress,8.5,0,0,,17
P2410PK-M,PP Stripe Polo Dress,8.5,0,0,,43
P2410PK-S,PP Stripe Polo Dress,8.5,0,0,,76
P2410PK-XL,PP Stripe Polo Dress,8.5,0,0,,5
P2410PK-XS,PP Stripe Polo Dress,8.5,0,0,,46
P2410PK-XXS,PP Stripe Polo Dress,8.5,0,0,,10
P4010PK-L,Terry Hoody Jumper Pink,12,0,0,,47
P4010PK-M,Terry Hoody Jumper Pink,12,0,0,,27
P4010PK-S,Terry Hoody Jumper Pink,12,0,0,,35
P4010PK-XL,Terry Hoody Jumper Pink,12,0,0,,39
P4010PK-XS,Terry Hoody Jumper Pink,12,0,0,,59
P4011BL-L,Terry Hoody Jumper Blue,12,0,0,,60
P4011BL-M,Terry Hoody Jumper Blue,12,0,0,,61
P4011BL-S,Terry Hoody Jumper Blue,12,0,0,,64
P4011BL-XL,Terry Hoody Jumper Blue,12,0,0,,46
P4011BL-XS,Terry Hoody Jumper Blue,12,0,0,,63
P4012BK-L,Terry Hoody Jumper Black,12,0,0,,66
P4012BK-M,Terry Hoody Jumper Black,12,0,0,,50
P4012BK-S,Terry Hoody Jumper Black,12,0,0,,63
P4012BK-XL,Terry Hoody Jumper Black,12,0,0,,67
P4012BK-XS,Terry Hoody Jumper Black,12,0,0,,57
P4013RD-L,Terry Hoody Jumper Red,12,0,0,,32
P4013RD-M,Terry Hoody Jumper Red,12,0,0,,40
P4013RD-S,Terry Hoody Jumper Red,12,0,0,,43
P4013RD-XL,Terry Hoody Jumper Red,12,0,0,,37
P4013RD-XS,Terry Hoody Jumper Red,12,0,0,,52
P5130PK-L,PP Stripe Polo Pink,8.5,0,0,,47
P5130PK-M,PP Stripe Polo Pink,8.5,0,0,,26
P5130PK-S,PP Stripe Polo Pink,8.5,0,0,,13
P5130PK-XL,PP Stripe Polo Pink,8.5,0,0,,61
P5130PK-XS,PP Stripe Polo Pink,8.5,0,0,,42
P5130PK-XXS,PP Stripe Polo Pink,8.5,0,0,,56
P5131BL-L,PP Stripe Polo Blue,8.5,0,0,,16
P5131BL-M,PP Stripe Polo Blue,8.5,0,0,,30
P5131BL-S,PP Stripe Polo Blue,8.5,0,0,,36
P5131BL-XL,PP Stripe Polo Blue,8.5,0,0,,12
P5131BL-XS,PP Stripe Polo Blue,8.5,0,0,,21
P5131BL-XXS,PP Stripe Polo Blue,8.5,0,0,,40
P5132RD-L,PP Stripe Polo Red,8.5,0,0,,24
P5132RD-M,PP Stripe Polo Red,8.5,0,0,,27
P5132RD-S,PP Stripe Polo Red,8.5,0,0,,45
P5132RD-XL,PP Stripe Polo Red,8.5,0,0,,50
P5132RD-XS,PP Stripe Polo Red,8.5,0,0,,44
P5132RD-XXS,PP Stripe Polo Red,8.5,0,0,,42
P5133GN-L,PP Stripe Polo Green,8.5,0,0,,33
P5133GN-M,PP Stripe Polo Green,8.5,0,0,,55
P5133GN-S,PP Stripe Polo Green,8.5,0,0,,49
P5133GN-XL,PP Stripe Polo Green,8.5,0,0,,22
P5133GN-XS,PP Stripe Polo Green,8.5,0,0,,32
P5133GN-XXS,PP Stripe Polo Green,8.5,0,0,,22
P5134GRY-L,PP Stripe Polo Gray,8.5,0,0,,59
P5134GRY-M,PP Stripe Polo Gray,8.5,0,0,,48
P5134GRY-S,PP Stripe Polo Gray,8.5,0,0,,62
P5134GRY-XL,PP Stripe Polo Gray,8.5,0,0,,61
P5134GRY-XS,PP Stripe Polo Gray,8.5,0,0,,30
P5134GRY-XXS,PP Stripe Polo Gray,8.5,0,0,,65
P5135BL-L,Stripe Polo Shirt Yellow/Blue,8.5,0,0,,22
P5135BL-M,Stripe Polo Shirt Yellow/Blue,8.5,0,0,,30
P5135BL-S,Stripe Polo Shirt Yellow/Blue,8.5,0,0,,31
P5135BL-XL,Stripe Polo Shirt Yellow/Blue,8.5,0,0,,9
P5135BL-XS,Stripe Polo Shirt Yellow/Blue,8.5,0,0,,29
P5135BL-XXS,Stripe Polo Shirt Yellow/Blue,8.5,0,0,,27
P5211GRY-L,Stripe Pocket Gray,5.9,0,0,,8
P5211GRY-M,Stripe Pocket Gray,5.9,0,0,,14
P5211GRY-S,Stripe Pocket Gray,5.9,0,0,,16
P5211GRY-XS,Stripe Pocket Gray,5.9,0,0,,14
P5350PK-L,Rock Star Tank PK,6.7,0,0,,3
P5350PK-M,Rock Star Tank PK,6.7,0,0,,15
P5350PK-S,Rock Star Tank PK,6.7,0,0,,15
P5350PK-XL,Rock Star Tank PK,6.7,0,0,,3
P5350PK-XS,Rock Star Tank PK,6.7,0,0,,8
P5350PK-XXS,Rock Star Tank PK,6.7,0,0,,9
P5351BK-L,Rock Star Tank BK,6.7,0,0,,0
P5351BK-M,Rock Star Tank BK,6.7,0,0,,9
P5351BK-S,Rock Star Tank BK,6.7,0,0,,5
P5351BK-XL,Rock Star Tank BK,6.7,0,0,,1
P5351BK-XS,Rock Star Tank BK,6.7,0,0,,4
P5351BK-XXS,Rock Star Tank BK,6.7,0,0,,3
P5360MC-L,PP Rainbow Tank,8.5,0,0,,73
P5360MC-M,PP Rainbow Tank,8.5,0,0,,75
P5360MC-S,PP Rainbow Tank,8.5,0,0,,108
P5360MC-XL,PP Rainbow Tank,8.5,0,0,,27
P5360MC-XS,PP Rainbow Tank,8.5,0,0,,80
P5360MC-XXS,PP Rainbow Tank,8.5,0,0,,29
P5420PK-S,PP Athlete Tank PK,6.5,0,0,,8
P5421GN-S,PP Athlete Tank GN,6.5,0,0,,19
P5421GN-XS,PP Athlete Tank GN,6.5,0,0,,0
P5421GN-XXS,PP Athlete Tank GN,6.5,0,0,,0
P7111GN-XS,Sports Parka Green,9.99,0,0,,8
P7112BN-M,Sports Parka Brown,9.99,0,0,,0
P7112BN-XL,Sports Parka Brown,10.99,0,0,,25
P7112BN-XS,Sports Parka Brown,9.99,0,0,,23
P7211PK-XL,Furry Toggle Coat PK,8.95,0,0,,0
P7211PK-XS,Furry Toggle Coat PK,8.95,0,0,,0
P7310PK-L,Gemini Vest PK,11,0,0,,19
P7310PK-M,Gemini Vest PK,11,0,0,,0
P7310PK-S,Gemini Vest PK,11,0,0,,0
P7310PK-XL,Gemini Vest PK,12,0,0,,16
P7310PK-XS,Gemini Vest PK,11,0,0,,16
P7311RD-L,Gemini Vest RD,11,0,0,,0
P7311RD-XL,Gemini Vest RD,12,0,0,,0
P7312BL-S,Gemini Vest BL,11,0,0,,29
P7312BL-XL,Gemini Vest BL,12,0,0,,10
P7312BL-XS,Gemini Vest BL,11,0,0,,1
P7410PK-L,K9 Track Jacket PK,4.5,0,0,,0
P7410PK-M,K9 Track Jacket PK,5.99,0,0,,0
P7410PK-S,K9 Track Jacket PK,5.99,0,0,,-1
P7410PK-XL,K9 Track Jacket PK,5.99,0,0,,0
P7410PK-XS,K9 Track Jacket PK,5.99,0,0,,5
P7411BL-L,K9 Track Jacket BL,5.99,0,0,,0
P7411BL-M,K9 Track Jacket BL,5.99,0,0,,3
P7411BL-S,K9 Track Jacket BL,5.99,0,0,,0
P7411BL-XL,K9 Track Jacket BL,5.99,0,0,,1
P7411BL-XS,K9 Track Jacket BL,5.99,0,0,,-1
P7412GN-L,K9 Track Jacket GN,5.99,0,0,,2
P7412GN-M,K9 Track Jacket GN,5.99,0,0,,0
P7412GN-S,K9 Track Jacket GN,5.99,0,0,,8
P7412GN-XL,K9 Track Jacket GN,5.99,0,0,,2
P7412GN-XS,K9 Track Jacket GN,5.99,0,0,,15
P9210PK-L,PP Turtle Neck PK,8.99,0,0,,16
P9210PK-M,PP Turtle Neck PK,8.99,0,0,,4
P9210PK-S,PP Turtle Neck PK,8.99,0,0,,0
P9210PK-XL,PP Turtle Neck PK,8.99,0,0,,6
P9210PK-XS,PP Turtle Neck PK,8.99,0,0,,0
P9210PK-XXS,PP Turtle Neck PK,8.99,0,0,,0
P9211RD-L,PP Turtle Neck RD,8.99,0,0,,10
P9211RD-M,PP Turtle Neck RD,8.99,0,0,,0
P9211RD-S,PP Turtle Neck RD,8.99,0,0,,0
P9211RD-XL,PP Turtle Neck RD,8.99,0,0,,25
P9211RD-XS,PP Turtle Neck RD,8.99,0,0,,13
P9211RD-XXS,PP Turtle Neck RD,8.99,0,0,,0
P9212BL-L,PP Turtle Neck BL,8.99,0,0,,0
P9212BL-M,PP Turtle Neck BL,8.99,0,0,,1
P9212BL-S,PP Turtle Neck BL,8.99,0,0,,1
P9212BL-XL,PP Turtle Neck BL,8.99,0,0,,15
P9212BL-XS,PP Turtle Neck BL,8.99,0,0,,19
P9212BL-XXS,PP Turtle Neck BL,8.99,0,0,,0
